price_open,price_hight,price_low,price_vwap,timestamp,date,price_min_expected,price_max_expected
0.058514,0.05865791,0.05834306,0.0585,1687910400,2023-06-28 00:00:00,0.052562639021155794,0.06510803231593049
0.058474,0.05857884,0.05824689,0.0585,1687996800,2023-06-29 00:00:00,0.052562639021155794,0.06510803231593049
0.058397,0.058661,0.05818182,0.0584,1688083200,2023-06-30 00:00:00,0.05247278835616236,0.06499673653419386
0.05828423,0.0583946,0.058221,0.0584,1688256000,2023-07-02 00:00:00,0.05247278835616236,0.06499673653419386
0.0583913,0.05868558,0.0582591,0.0585,1688342400,2023-07-03 00:00:00,0.052562639021155794,0.06510803231593049
0.0586072,0.05875751,0.05851892,0.0587,1688428800,2023-07-04 00:00:00,0.05274234035114265,0.06533062387940375
0.05864061,0.0588838,0.05851307,0.0587,1688515200,2023-07-05 00:00:00,0.05274234035114265,0.06533062387940375
0.05878632,0.05881869,0.05747886,0.0583,1688601600,2023-07-06 00:00:00,0.052382937691168925,0.06488544075245721
0.05801376,0.05856927,0.0574366,0.0581,1688688000,2023-07-07 00:00:00,0.05220323636118207,0.06466284918898395
0.0582401,0.058355,0.05818927,0.0583,1688860800,2023-07-09 00:00:00,0.052382937691168925,0.06488544075245721
0.05829768,0.05871311,0.0581764,0.0585,1688947200,2023-07-10 00:00:00,0.052562639021155794,0.06510803231593049
0.05861888,0.058719,0.05835668,0.0586,1689033600,2023-07-11 00:00:00,0.05265248968614922,0.06521932809766712
0.058663,0.059484,0.05854972,0.059,1689120000,2023-07-12 00:00:00,0.05301189234612293,0.06566451122461364
0.0591654,0.05942586,0.058906,0.0592,1689206400,2023-07-13 00:00:00,0.05319159367610979,0.06588710278808692
0.05932951,0.05981423,0.05905523,0.0594,1689292800,2023-07-14 00:00:00,0.05337129500609665,0.06610969435156018
0.05967299,0.05967299,0.05967299,0.0597,1689379200,2023-07-15 00:00:00,0.053640847001076936,0.06644358169677009
0.05954047,0.059703,0.059501,0.0597,1689465600,2023-07-16 00:00:00,0.053640847001076936,0.06644358169677009
0.05963456,0.059845,0.05912751,0.0596,1689552000,2023-07-17 00:00:00,0.053550996336083505,0.06633228591503344
0.05976661,0.059899,0.0593648,0.0597,1689638400,2023-07-18 00:00:00,0.053640847001076936,0.06644358169677009
0.05967456,0.0598462,0.05951531,0.0597,1689724800,2023-07-19 00:00:00,0.053640847001076936,0.06644358169677009
0.05982185,0.059863,0.05906605,0.0595,1689811200,2023-07-20 00:00:00,0.053461145671090074,0.06622099013329681
0.059224,0.05929932,0.05860703,0.059,1689897600,2023-07-21 00:00:00,0.05301189234612293,0.06566451122461364
0.0588443,0.0588443,0.0588443,0.0588,1689984000,2023-07-22 00:00:00,0.05283219101613607,0.06544191966114038
0.05882249,0.058928,0.05879966,0.0588,1690070400,2023-07-23 00:00:00,0.05283219101613607,0.06544191966114038
0.05885199,0.05946824,0.05873853,0.0591,1690156800,2023-07-24 00:00:00,0.05310174301111636,0.06577580700635029
0.059371,0.05951205,0.0589428,0.0593,1690243200,2023-07-25 00:00:00,0.05328144434110322,0.06599839856982355
0.05902059,0.05945409,0.05882595,0.0592,1690329600,2023-07-26 00:00:00,0.05319159367610979,0.06588710278808692
0.059288,0.059859,0.05906507,0.0595,1690416000,2023-07-27 00:00:00,0.053461145671090074,0.06622099013329681
0.05929865,0.06014046,0.05895635,0.0597,1690502400,2023-07-28 00:00:00,0.053640847001076936,0.06644358169677009
0.05980039,0.059979,0.059753,0.0599,1690675200,2023-07-30 00:00:00,0.05382054833106379,0.06666617326024335
0.05992894,0.06002401,0.05951495,0.0598,1690761600,2023-07-31 00:00:00,0.05373069766607036,0.06655487747850672
0.05967954,0.0597318,0.05904317,0.0595,1690848000,2023-08-01 00:00:00,0.053461145671090074,0.06622099013329681
0.0592462,0.059393,0.05847953,0.059,1690934400,2023-08-02 00:00:00,0.05301189234612293,0.06566451122461364
0.05875962,0.05883748,0.05734109,0.058,1691020800,2023-08-03 00:00:00,0.05211338569618865,0.06455155340724732
0.05767285,0.058783,0.05733156,0.0581,1691107200,2023-08-04 00:00:00,0.05220323636118207,0.06466284918898395
0.058428,0.058572,0.05833084,0.0585,1691280000,2023-08-06 00:00:00,0.052562639021155794,0.06510803231593049
0.058525,0.05873543,0.05826216,0.0586,1691366400,2023-08-07 00:00:00,0.05265248968614922,0.06521932809766712
0.05854386,0.05858931,0.05782219,0.0583,1691452800,2023-08-08 00:00:00,0.052382937691168925,0.06488544075245721
0.0583594,0.05864415,0.05812602,0.0585,1691539200,2023-08-09 00:00:00,0.052562639021155794,0.06510803231593049
0.05860067,0.05912437,0.05827241,0.0588,1691625600,2023-08-10 00:00:00,0.05283219101613607,0.06544191966114038
0.058531,0.058983,0.05837746,0.0587,1691712000,2023-08-11 00:00:00,0.05274234035114265,0.06533062387940375
0.05864999,0.05883814,0.05859673,0.0588,1691884800,2023-08-13 00:00:00,0.05283219101613607,0.06544191966114038
0.058826,0.05893426,0.0583087,0.0587,1691971200,2023-08-14 00:00:00,0.05274234035114265,0.06533062387940375
0.05860813,0.05868028,0.05812602,0.0584,1692057600,2023-08-15 00:00:00,0.05247278835616236,0.06499673653419386
0.05836492,0.05870095,0.05819502,0.0585,1692144000,2023-08-16 00:00:00,0.052562639021155794,0.06510803231593049
0.05831234,0.05866135,0.05806459,0.0584,1692230400,2023-08-17 00:00:00,0.05247278835616236,0.06499673653419386
0.05847174,0.05875786,0.05830394,0.0586,1692316800,2023-08-18 00:00:00,0.05265248968614922,0.06521932809766712
0.058549,0.058672,0.05853793,0.0586,1692489600,2023-08-20 00:00:00,0.05265248968614922,0.06521932809766712
0.05866513,0.05882007,0.05849595,0.0587,1692576000,2023-08-21 00:00:00,0.05274234035114265,0.06533062387940375
0.0587196,0.05918228,0.05867408,0.059,1692662400,2023-08-22 00:00:00,0.05301189234612293,0.06566451122461364
0.059129,0.05958219,0.0590162,0.0593,1692748800,2023-08-23 00:00:00,0.05328144434110322,0.06599839856982355
0.05954,0.05964573,0.0590162,0.0595,1692835200,2023-08-24 00:00:00,0.053461145671090074,0.06622099013329681
0.05939784,0.05974115,0.05931022,0.0595,1692921600,2023-08-25 00:00:00,0.053461145671090074,0.06622099013329681
0.05956884,0.05975983,0.05955696,0.0597,1693094400,2023-08-27 00:00:00,0.053640847001076936,0.06644358169677009
0.05975,0.05989236,0.05946859,0.0598,1693180800,2023-08-28 00:00:00,0.05373069766607036,0.06655487747850672
0.05956387,0.05967392,0.05915935,0.0595,1693267200,2023-08-29 00:00:00,0.053461145671090074,0.06622099013329681
0.05950911,0.05977429,0.05945409,0.0597,1693353600,2023-08-30 00:00:00,0.053640847001076936,0.06644358169677009
0.05966057,0.05983857,0.058425,0.0594,1693440000,2023-08-31 00:00:00,0.05337129500609665,0.06610969435156018
0.05881488,0.05890929,0.0580929254435395,0.0586,1693526400,2023-09-01 00:00:00,0.05265248968614922,0.06521932809766712
0.0584566281047777,0.0584566281047777,0.0584566281047777,0.0585,1693699200,2023-09-03 00:00:00,0.052562639021155794,0.06510803231593049
0.0586350006391215,0.0586600060185166,0.0581057524694945,0.0584,1693785600,2023-09-04 00:00:00,0.05247278835616236,0.06499673653419386
0.058202068268698,0.058223,0.057233777085885,0.0578,1693872000,2023-09-05 00:00:00,0.051933684366201785,0.06432896184377404
0.0574737747165968,0.0574763513552349,0.0565694050029982,0.057,1693958400,2023-09-06 00:00:00,0.05121487904625436,0.06343859558988099
0.0568289018155698,0.0573892044019815,0.0565716451600129,0.057,1694044800,2023-09-07 00:00:00,0.05121487904625436,0.06343859558988099
0.056833488109866,0.057331691353693,0.0566251415628539,0.057,1694131200,2023-09-08 00:00:00,0.05121487904625436,0.06343859558988099
0.0567826926352848,0.056960356161715,0.0566028978419579,0.0569,1694304000,2023-09-10 00:00:00,0.05112502838126093,0.06332729980814435
0.05693,0.057885,0.0567904319480254,0.0572,1694390400,2023-09-11 00:00:00,0.051394580376241214,0.06366118715335425
0.057835,0.0580922504937841,0.0574818357399062,0.0578,1694476800,2023-09-12 00:00:00,0.051933684366201785,0.06432896184377404
0.058029,0.0585142643147833,0.057793112216886,0.0581,1694563200,2023-09-13 00:00:00,0.05220323636118207,0.06466284918898395
0.0583040404116965,0.0585628901020517,0.0580484123759215,0.0584,1694649600,2023-09-14 00:00:00,0.05247278835616236,0.06499673653419386
0.0584349370801815,0.0586404332824334,0.0583369307773979,0.0585,1694736000,2023-09-15 00:00:00,0.052562639021155794,0.06510803231593049
0.0585031386933909,0.05860713119851,0.058404,0.0586,1694908800,2023-09-17 00:00:00,0.05265248968614922,0.06521932809766712
0.058605,0.0587087020973684,0.0581540734020715,0.0585,1694995200,2023-09-18 00:00:00,0.052562639021155794,0.06510803231593049
0.058320259875078,0.0586255474893316,0.0582828700816543,0.0585,1695081600,2023-09-19 00:00:00,0.052562639021155794,0.06510803231593049
0.0585828572499801,0.0588205191851947,0.058433400531744,0.0586,1695168000,2023-09-20 00:00:00,0.05265248968614922,0.06521932809766712
0.0584429625906596,0.0585853970039428,0.0579213196793476,0.0583,1695254400,2023-09-21 00:00:00,0.052382937691168925,0.06488544075245721
0.0580006032062734,0.058467,0.0579703423728421,0.0582,1695340800,2023-09-22 00:00:00,0.0522930870261755,0.06477414497072058
0.0579364205720642,0.0581797871783385,0.0578419180380021,0.0581,1695513600,2023-09-24 00:00:00,0.05220323636118207,0.06466284918898395
0.0581705479025737,0.058227,0.0572734405873964,0.0578,1695600000,2023-09-25 00:00:00,0.051933684366201785,0.06432896184377404
0.0574634044308882,0.0575904169546188,0.0568776448104837,0.0573,1695686400,2023-09-26 00:00:00,0.05148443104123464,0.06377248293509089
0.0569811933571325,0.057212034665916,0.0560846204753732,0.0568,1695772800,2023-09-27 00:00:00,0.051035177716267505,0.06321600402640772
0.0565257254228972,0.0570255474452555,0.056337393381483,0.0566,1695859200,2023-09-28 00:00:00,0.05085547638628064,0.06299341246293445
0.056997,0.057631406811456,0.0568925300108096,0.0573,1695945600,2023-09-29 00:00:00,0.05148443104123464,0.06377248293509089
0.0572563883815337,0.0574306668274725,0.057106,0.0573,1696118400,2023-10-01 00:00:00,0.05148443104123464,0.06377248293509089
0.057428,0.0575334269210411,0.0563920374443129,0.0571,1696204800,2023-10-02 00:00:00,0.05130472971124778,0.06354989137161761
0.056563037525616,0.0568011092120607,0.055171,0.0562,1696291200,2023-10-03 00:00:00,0.05049607372630693,0.06254822933598791
0.0554744088230938,0.056072,0.0548504228967605,0.0555,1696377600,2023-10-04 00:00:00,0.049867119071352925,0.06176915886383148
0.0555690156060023,0.0557618744911729,0.0543847722637661,0.0552,1696464000,2023-10-05 00:00:00,0.04959756707637264,0.06143527151862158
0.0546880511530155,0.055229,0.0540371126889948,0.0547,1696550400,2023-10-06 00:00:00,0.0491483137514055,0.06087879260993841
0.0549138566330997,0.0549711209216238,0.0544297665507313,0.0547,1696723200,2023-10-08 00:00:00,0.0491483137514055,0.06087879260993841
0.054803,0.0550625014453907,0.0542452318441209,0.0547,1696809600,2023-10-09 00:00:00,0.0491483137514055,0.06087879260993841
0.054902641146455,0.0557999905140016,0.0545911125668741,0.0552,1696896000,2023-10-10 00:00:00,0.04959756707637264,0.06143527151862158
0.0557442187670717,0.0562171691732028,0.0556331328686112,0.0559,1696982400,2023-10-11 00:00:00,0.05022652173132664,0.062214341990778015
0.0559969985608771,0.0563160728324507,0.055260525748642,0.0559,1697068800,2023-10-12 00:00:00,0.05022652173132664,0.062214341990778015
0.055627,0.0560365986232929,0.0551687612406351,0.0557,1697155200,2023-10-13 00:00:00,0.05004682040133979,0.06199175042730475
0.055232,0.0554078014184397,0.054763,0.0553,1697328000,2023-10-15 00:00:00,0.04968741774136607,0.06154656730035822
0.0553958615967636,0.055944869687615,0.0553544344437433,0.0556,1697414400,2023-10-16 00:00:00,0.049956969736346356,0.061880454645568114
0.0558160615182304,0.0559500343812961,0.0552648012954069,0.0557,1697500800,2023-10-17 00:00:00,0.05004682040133979,0.06199175042730475
0.0554976530042545,0.0556634808601121,0.0545753221308389,0.0553,1697587200,2023-10-18 00:00:00,0.04968741774136607,0.06154656730035822
0.0547862350680116,0.0550591059502376,0.0543112250439921,0.0547,1697673600,2023-10-19 00:00:00,0.0491483137514055,0.06087879260993841
0.054568,0.055,0.0541105044722332,0.0546,1697760000,2023-10-20 00:00:00,0.04905846308641207,0.06076749682820179
0.054814,0.0548931778758536,0.054782,0.0549,1697932800,2023-10-22 00:00:00,0.049328015081392354,0.06110138417341168
0.054851927222463,0.0553137117159973,0.0543812232512358,0.0549,1698019200,2023-10-23 00:00:00,0.049328015081392354,0.06110138417341168
0.0551,0.055296,0.0544620780550503,0.055,1698105600,2023-10-24 00:00:00,0.049417865746385785,0.06121267995514832
0.054752,0.0548967940272288,0.0543159449888109,0.0546,1698192000,2023-10-25 00:00:00,0.04905846308641207,0.06076749682820179
0.0545035165668889,0.055168,0.0542337583452196,0.0547,1698278400,2023-10-26 00:00:00,0.0491483137514055,0.06087879260993841
0.055084,0.0555461435701173,0.0549643830797643,0.0552,1698364800,2023-10-27 00:00:00,0.04959756707637264,0.06143527151862158
0.055065169628255,0.055222,0.0550336833659041,0.0552,1698537600,2023-10-29 00:00:00,0.04959756707637264,0.06143527151862158
0.055205,0.055655,0.0551641962300788,0.0554,1698624000,2023-10-30 00:00:00,0.049777268406359494,0.061657863082094845
0.0553506352038896,0.0557807859735867,0.0551651091717511,0.0554,1698710400,2023-10-31 00:00:00,0.049777268406359494,0.061657863082094845
0.055348,0.0563255572146561,0.0552489240272046,0.0557,1698796800,2023-11-01 00:00:00,0.05004682040133979,0.06199175042730475
0.056288,0.0570953864073014,0.0561684153766654,0.0566,1698883200,2023-11-02 00:00:00,0.05085547638628064,0.06299341246293445
0.056956690132823,0.057853,0.0568951195366462,0.0573,1698969600,2023-11-03 00:00:00,0.05148443104123464,0.06377248293509089
0.0571680110677269,0.057275,0.057163,0.0572,1699142400,2023-11-05 00:00:00,0.051394580376241214,0.06366118715335425
0.0572196622781093,0.057444,0.0568220560492761,0.0572,1699228800,2023-11-06 00:00:00,0.051394580376241214,0.06366118715335425
0.056971,0.0572961160681801,0.0567891419160656,0.057,1699315200,2023-11-07 00:00:00,0.05121487904625436,0.06343859558988099
0.0571412245364418,0.0572483576877388,0.0568411120395159,0.0571,1699401600,2023-11-08 00:00:00,0.05130472971124778,0.06354989137161761
0.056999544003648,0.0572253270141312,0.0558344174516055,0.0568,1699488000,2023-11-09 00:00:00,0.051035177716267505,0.06321600402640772
0.056152330040935,0.056749,0.0556969639584946,0.0563,1699574400,2023-11-10 00:00:00,0.05058592439130036,0.06265952511772456
0.0564962175782331,0.056679,0.0564579097813893,0.0566,1699747200,2023-11-12 00:00:00,0.05085547638628064,0.06299341246293445
0.056597,0.056896899972405,0.0563662907035077,0.0567,1699833600,2023-11-13 00:00:00,0.050945327051274074,0.06310470824467108
0.0567202105454215,0.05766,0.0566710303360025,0.0572,1699920000,2023-11-14 00:00:00,0.051394580376241214,0.06366118715335425
0.0575950606475989,0.057823,0.0573667513782362,0.0577,1700006400,2023-11-15 00:00:00,0.05184383370120836,0.06421766606203742
0.0577563950768449,0.0580651979268402,0.0576425355798551,0.0579,1700092800,2023-11-16 00:00:00,0.052023535031195216,0.06444025762551069
0.0579522010245949,0.0581679424835385,0.0578794140288124,0.058,1700179200,2023-11-17 00:00:00,0.05211338569618865,0.06455155340724732
0.0579498501996372,0.05805,0.0578795815306255,0.058,1700352000,2023-11-19 00:00:00,0.05211338569618865,0.06455155340724732
0.058016,0.058535,0.057938770307539,0.0582,1700438400,2023-11-20 00:00:00,0.0522930870261755,0.06477414497072058
0.058424,0.058589,0.0578566428104443,0.0583,1700524800,2023-11-21 00:00:00,0.052382937691168925,0.06488544075245721
0.0581129786039635,0.058282,0.0579172941040195,0.0581,1700611200,2023-11-22 00:00:00,0.05220323636118207,0.06466284918898395
0.0581300718487688,0.058314,0.0580713348277024,0.0582,1700697600,2023-11-23 00:00:00,0.0522930870261755,0.06477414497072058
0.05816,0.058524,0.0580383052814858,0.0583,1700784000,2023-11-24 00:00:00,0.052382937691168925,0.06488544075245721
0.058342036020373,0.058434,0.058192,0.0584,1700956800,2023-11-26 00:00:00,0.05247278835616236,0.06499673653419386
0.058401,0.058697226790823,0.0580568376440535,0.0584,1701043200,2023-11-27 00:00:00,0.05247278835616236,0.06499673653419386
0.05822,0.058451,0.0580366211079191,0.0583,1701129600,2023-11-28 00:00:00,0.052382937691168925,0.06488544075245721
0.058349,0.0584174593429087,0.0576804388327786,0.0582,1701216000,2023-11-29 00:00:00,0.0522930870261755,0.06477414497072058
0.057801,0.0579390052915694,0.0570988094898221,0.0576,1701302400,2023-11-30 00:00:00,0.05175398303621493,0.06410637028030078
0.0574951545958464,0.0582666374556591,0.0574544242779415,0.0579,1701388800,2023-12-01 00:00:00,0.052023535031195216,0.06444025762551069
0.058114869851749,0.058165,0.057979,0.0581,1701561600,2023-12-03 00:00:00,0.05220323636118207,0.06466284918898395
0.058147,0.0581885892176544,0.0569693447955655,0.0577,1701648000,2023-12-04 00:00:00,0.05184383370120836,0.06421766606203742
0.0572362012104312,0.0576060426434491,0.0568802329814343,0.0573,1701734400,2023-12-05 00:00:00,0.05148443104123464,0.06377248293509089
0.057553,0.0579962638806808,0.0574729158883876,0.0577,1701820800,2023-12-06 00:00:00,0.05184383370120836,0.06421766606203742
0.0577860989760303,0.057875,0.0569557169300869,0.0576,1701907200,2023-12-07 00:00:00,0.05175398303621493,0.06410637028030078
0.0571742212871061,0.0577713099586762,0.0570327025516431,0.0574,1701993600,2023-12-08 00:00:00,0.05157428170622807,0.06388377871682752
0.0574702735010316,0.057660250810559,0.057432,0.0576,1702166400,2023-12-10 00:00:00,0.05175398303621493,0.06410637028030078
0.057622,0.057646,0.0572020203753597,0.0575,1702252800,2023-12-11 00:00:00,0.051664132371221506,0.06399507449856415
0.057509,0.0578051722912063,0.0572967398155045,0.0576,1702339200,2023-12-12 00:00:00,0.05175398303621493,0.06410637028030078
0.057775,0.0581584701995999,0.0572128202487613,0.0577,1702425600,2023-12-13 00:00:00,0.05184383370120836,0.06421766606203742
0.0579121287687766,0.058326,0.0574244007763779,0.0579,1702512000,2023-12-14 00:00:00,0.052023535031195216,0.06444025762551069
0.0581561364319698,0.058228,0.0576056776155858,0.0581,1702598400,2023-12-15 00:00:00,0.05220323636118207,0.06466284918898395
0.0578024658531933,0.058055,0.057702,0.058,1702771200,2023-12-17 00:00:00,0.05211338569618865,0.06455155340724732
0.0580315691736305,0.0582901063619571,0.0577550607872015,0.058,1702857600,2023-12-18 00:00:00,0.05211338569618865,0.06455155340724732
0.05825,0.058716,0.0581753871572015,0.0584,1702944000,2023-12-19 00:00:00,0.05247278835616236,0.06499673653419386
0.0585130659676306,0.058716,0.05824111822947,0.0585,1703030400,2023-12-20 00:00:00,0.052562639021155794,0.06510803231593049
0.058352,0.058738,0.058303938431041,0.0585,1703116800,2023-12-21 00:00:00,0.052562639021155794,0.06510803231593049
0.058695,0.0590539440062314,0.0585874564255793,0.0588,1703203200,2023-12-22 00:00:00,0.05283219101613607,0.06544191966114038
0.058883,0.0588893469171427,0.058666,0.0587,1703376000,2023-12-24 00:00:00,0.05274234035114265,0.06533062387940375
0.0586671641642188,0.0588893469171427,0.0585522259506979,0.0588,1703462400,2023-12-25 00:00:00,0.05283219101613607,0.06544191966114038
0.058833,0.0590120903970806,0.0587302519527809,0.0589,1703548800,2023-12-26 00:00:00,0.0529220416811295,0.06555321544287701
0.058857251154485,0.059139,0.0587740900301511,0.059,1703635200,2023-12-27 00:00:00,0.05301189234612293,0.06566451122461364
0.059078,0.0593017456654872,0.0587854917406384,0.0591,1703721600,2023-12-28 00:00:00,0.05310174301111636,0.06577580700635029
0.0589287692608682,0.0591814028359728,0.0587965521701807,0.059,1703808000,2023-12-29 00:00:00,0.05301189234612293,0.06566451122461364
0.058875,0.058875,0.058875,0.0589,1703980800,2023-12-31 00:00:00,0.0529220416811295,0.06555321544287701
0.0588609234101665,0.0589829220847396,0.0585943565431439,0.0589,1704067200,2024-01-01 00:00:00,0.0529220416811295,0.06555321544287701
0.0589252274219152,0.059134,0.0585219691472179,0.0588,1704153600,2024-01-02 00:00:00,0.05283219101613607,0.06544191966114038
0.0586534344518543,0.058769,0.0584153094843097,0.0587,1704240000,2024-01-03 00:00:00,0.05274234035114265,0.06533062387940375
0.058761,0.058898,0.0584638050582884,0.0587,1704326400,2024-01-04 00:00:00,0.05274234035114265,0.06533062387940375
0.0587312867437613,0.059279,0.0585443417771838,0.0589,1704412800,2024-01-05 00:00:00,0.0529220416811295,0.06555321544287701
0.059155,0.059235,0.059103,0.0592,1704585600,2024-01-07 00:00:00,0.05319159367610979,0.06588710278808692
0.059212,0.0595697278556983,0.0590859405004579,0.0593,1704672000,2024-01-08 00:00:00,0.05328144434110322,0.06599839856982355
0.0593415462033279,0.059454,0.0587844550387096,0.0592,1704758400,2024-01-09 00:00:00,0.05319159367610979,0.06588710278808692
0.058920783363599,0.058982782925664,0.0586902679797636,0.0589,1704844800,2024-01-10 00:00:00,0.0529220416811295,0.06555321544287701
0.058867,0.059161,0.0585646735546531,0.0589,1704931200,2024-01-11 00:00:00,0.0529220416811295,0.06555321544287701
0.059145,0.059401,0.058896283644502,0.0592,1705017600,2024-01-12 00:00:00,0.05319159367610979,0.06588710278808692
0.05921,0.059286,0.059041,0.0592,1705190400,2024-01-14 00:00:00,0.05319159367610979,0.06588710278808692
0.059263,0.059337,0.0590698855816316,0.0592,1705276800,2024-01-15 00:00:00,0.05319159367610979,0.06588710278808692
0.059162,0.0591641408508869,0.057980761983174,0.0586,1705363200,2024-01-16 00:00:00,0.05265248968614922,0.06521932809766712
0.058086,0.0581632059559123,0.0574673011056709,0.0578,1705449600,2024-01-17 00:00:00,0.051933684366201785,0.06432896184377404
0.058106,0.058291,0.057963286054613,0.0581,1705536000,2024-01-18 00:00:00,0.05220323636118207,0.06466284918898395
0.0582328428575089,0.058543,0.057987822557263,0.0583,1705622400,2024-01-19 00:00:00,0.052382937691168925,0.06488544075245721
0.058043,0.058541,0.058043,0.0584,1705795200,2024-01-21 00:00:00,0.05247278835616236,0.06499673653419386
0.058479,0.0586194647104961,0.0580258447112344,0.0584,1705881600,2024-01-22 00:00:00,0.05247278835616236,0.06499673653419386
0.058167,0.058283,0.0574626779906451,0.0579,1705968000,2024-01-23 00:00:00,0.052023535031195216,0.06444025762551069
0.057761,0.0583379517545139,0.0576907544796871,0.058,1706054400,2024-01-24 00:00:00,0.05211338569618865,0.06455155340724732
0.058003,0.058235,0.0578593208472919,0.058,1706140800,2024-01-25 00:00:00,0.05211338569618865,0.06455155340724732
0.0581059550469089,0.058371,0.0580194481190095,0.0582,1706227200,2024-01-26 00:00:00,0.0522930870261755,0.06477414497072058
0.058191,0.05829,0.058187,0.0582,1706400000,2024-01-28 00:00:00,0.0522930870261755,0.06477414497072058
0.058212,0.0583286281573286,0.0578352274370319,0.0582,1706486400,2024-01-29 00:00:00,0.0522930870261755,0.06477414497072058
0.0580130529369108,0.0583487763094632,0.0578686959289373,0.0581,1706572800,2024-01-30 00:00:00,0.05220323636118207,0.06466284918898395
0.0582803225233049,0.0584774119300938,0.0579810981619992,0.0583,1706659200,2024-01-31 00:00:00,0.052382937691168925,0.06488544075245721
0.0580197847465986,0.0585706077461972,0.0579911853398284,0.0585,1706745600,2024-02-01 00:00:00,0.052562639021155794,0.06510803231593049
0.0584959520801161,0.0586855493290188,0.0581293960355752,0.0584,1706832000,2024-02-02 00:00:00,0.05247278835616236,0.06499673653419386
0.0582910237652504,0.058346,0.058126,0.0582,1707004800,2024-02-04 00:00:00,0.0522930870261755,0.06477414497072058
0.058287,0.058514,0.057817170543308,0.0582,1707091200,2024-02-05 00:00:00,0.0522930870261755,0.06477414497072058
0.058386,0.058786,0.0582852480037303,0.0585,1707177600,2024-02-06 00:00:00,0.052562639021155794,0.06510803231593049
0.0586650647192994,0.0587894315414707,0.0584976630183624,0.0587,1707264000,2024-02-07 00:00:00,0.05274234035114265,0.06533062387940375
0.0586057573123869,0.058683035321319,0.0581751840953701,0.0585,1707350400,2024-02-08 00:00:00,0.052562639021155794,0.06510803231593049
0.058313,0.0585560316811554,0.0581730181907028,0.0584,1707436800,2024-02-09 00:00:00,0.05247278835616236,0.06499673653419386
0.05838,0.0585445131496831,0.058367,0.0585,1707609600,2024-02-11 00:00:00,0.052562639021155794,0.06510803231593049
0.05854,0.0586597651497643,0.0583720047865044,0.0586,1707696000,2024-02-12 00:00:00,0.05265248968614922,0.06521932809766712
0.058572,0.0586197052483981,0.0579871500475495,0.0583,1707782400,2024-02-13 00:00:00,0.052382937691168925,0.06488544075245721
0.0581126746649078,0.0585445816989638,0.0580399895528019,0.0583,1707868800,2024-02-14 00:00:00,0.052382937691168925,0.06488544075245721
0.0585,0.0586751847388192,0.0583856371332652,0.0586,1707955200,2024-02-15 00:00:00,0.05265248968614922,0.06521932809766712
0.0586648238090014,0.0587148378853969,0.0584026865235801,0.0586,1708041600,2024-02-16 00:00:00,0.05265248968614922,0.06521932809766712
0.058515,0.05865,0.058485,0.0586,1708214400,2024-02-18 00:00:00,0.05265248968614922,0.06521932809766712
0.058654,0.058706,0.058531,0.0586,1708300800,2024-02-19 00:00:00,0.05265248968614922,0.06521932809766712
0.058652,0.058831,0.0584894514274351,0.0587,1708387200,2024-02-20 00:00:00,0.05274234035114265,0.06533062387940375
0.0585541801829233,0.058681,0.0584556029695446,0.0586,1708473600,2024-02-21 00:00:00,0.05265248968614922,0.06521932809766712
0.058653,0.0587746081937681,0.0582089117843942,0.0585,1708560000,2024-02-22 00:00:00,0.052562639021155794,0.06510803231593049
0.058437,0.058575,0.0582407790286603,0.0584,1708646400,2024-02-23 00:00:00,0.05247278835616236,0.06499673653419386
0.058368,0.058428,0.0583137982109327,0.0584,1708819200,2024-02-25 00:00:00,0.05247278835616236,0.06499673653419386
0.058424,0.0585328278438321,0.0582787940951926,0.0584,1708905600,2024-02-26 00:00:00,0.05247278835616236,0.06499673653419386
0.058484901830168,0.0586731191451561,0.0583975706610605,0.0586,1708992000,2024-02-27 00:00:00,0.05265248968614922,0.06521932809766712
0.058575,0.0585851224253303,0.0583801834305363,0.0585,1709078400,2024-02-28 00:00:00,0.052562639021155794,0.06510803231593049
0.0584643177652599,0.058677,0.0583890462149301,0.0586,1709164800,2024-02-29 00:00:00,0.05265248968614922,0.06521932809766712
0.0586416024638856,0.0588202769964484,0.0585428680151041,0.0587,1709251200,2024-03-01 00:00:00,0.05274234035114265,0.06533062387940375
0.058679,0.058782,0.058634,0.0587,1709424000,2024-03-03 00:00:00,0.05274234035114265,0.06533062387940375
0.058773,0.0589898112797958,0.0586596275113653,0.0588,1709510400,2024-03-04 00:00:00,0.05283219101613607,0.06544191966114038
0.058962,0.059164,0.0588359887976277,0.059,1709596800,2024-03-05 00:00:00,0.05301189234612293,0.06566451122461364
0.058997,0.0593462652801797,0.0589334229121362,0.0592,1709683200,2024-03-06 00:00:00,0.05319159367610979,0.06588710278808692
0.0591828038445149,0.0593428491570052,0.0590343166482676,0.0592,1709769600,2024-03-07 00:00:00,0.05319159367610979,0.06588710278808692
0.059248,0.0596449099928486,0.0591463991672187,0.0594,1709856000,2024-03-08 00:00:00,0.05337129500609665,0.06610969435156018
0.05945,0.0594954075494913,0.0594385788473552,0.0595,1710028800,2024-03-10 00:00:00,0.053461145671090074,0.06622099013329681
0.059495,0.0595752286199398,0.0593278158464596,0.0595,1710115200,2024-03-11 00:00:00,0.053461145671090074,0.06622099013329681
0.059507,0.059607,0.05927225525004,0.0595,1710201600,2024-03-12 00:00:00,0.053461145671090074,0.06622099013329681
0.0595172909633707,0.060020406938359,0.0594000594000594,0.0597,1710288000,2024-03-13 00:00:00,0.053640847001076936,0.06644358169677009
0.059971,0.060064,0.059694364851958,0.0599,1710374400,2024-03-14 00:00:00,0.05382054833106379,0.06666617326024335
0.059854,0.06,0.0596861701175221,0.0598,1710460800,2024-03-15 00:00:00,0.05373069766607036,0.06655487747850672
0.059842,0.059842,0.0597676830161164,0.0598,1710633600,2024-03-17 00:00:00,0.05373069766607036,0.06655487747850672
0.059788,0.059931,0.0592283727596868,0.0596,1710720000,2024-03-18 00:00:00,0.053550996336083505,0.06633228591503344
0.059396,0.059514,0.0589546167360366,0.0593,1710806400,2024-03-19 00:00:00,0.05328144434110322,0.06599839856982355
0.059456,0.059973,0.0592645272172341,0.0596,1710892800,2024-03-20 00:00:00,0.053550996336083505,0.06633228591503344
0.059932,0.059986,0.0595121196431653,0.0598,1710979200,2024-03-21 00:00:00,0.05373069766607036,0.06655487747850672
0.059721,0.059893,0.0593778390029273,0.0596,1711065600,2024-03-22 00:00:00,0.053550996336083505,0.06633228591503344
0.0596278032521004,0.059668,0.059626,0.0596,1711238400,2024-03-24 00:00:00,0.053550996336083505,0.06633228591503344
0.059653,0.0599881103565273,0.0595787780392624,0.0598,1711324800,2024-03-25 00:00:00,0.05373069766607036,0.06655487747850672
0.0599206411029233,0.060089,0.0597621466563079,0.06,1711411200,2024-03-26 00:00:00,0.053910398996057214,0.06677746904197998
0.060063,0.0605524808351398,0.0599096562383925,0.0602,1711497600,2024-03-27 00:00:00,0.054090100326044076,0.06700006060545324
0.0603096296385644,0.0604395405144372,0.060043,0.0603,1711584000,2024-03-28 00:00:00,0.05417995099103751,0.06711135638718989
0.0601496523350095,0.0604106960762045,0.0600878484344111,0.0602,1711670400,2024-03-29 00:00:00,0.054090100326044076,0.06700006060545324
0.060252,0.060388,0.0602116922676747,0.0603,1711843200,2024-03-31 00:00:00,0.05417995099103751,0.06711135638718989
0.060386,0.0604739342225018,0.0599017611117767,0.0603,1711929600,2024-04-01 00:00:00,0.05417995099103751,0.06711135638718989
0.0600997656109141,0.060416,0.0599736116108912,0.0602,1712016000,2024-04-02 00:00:00,0.054090100326044076,0.06700006060545324
0.0603592097289389,0.0605213307430204,0.0600618637196312,0.0604,1712102400,2024-04-03 00:00:00,0.05426980165603094,0.06722265216892652
0.060442,0.060617,0.060083,0.0604,1712188800,2024-04-04 00:00:00,0.05426980165603094,0.06722265216892652
0.0603301507167825,0.060816,0.060146758089739,0.0605,1712275200,2024-04-05 00:00:00,0.05435965232102436,0.06733394795066315
0.060718,0.060755,0.0606678314890313,0.0607,1712448000,2024-04-07 00:00:00,0.054539353651011216,0.06755653951413641
0.060715,0.0612935513667543,0.060572653869684,0.0609,1712534400,2024-04-08 00:00:00,0.05471905498099808,0.06777913107760969
0.0612355996832895,0.0614869260349172,0.0608279906081583,0.0612,1712620800,2024-04-09 00:00:00,0.05498860697597836,0.06811301842281958
0.061019,0.061319,0.0604741170778907,0.0609,1712707200,2024-04-10 00:00:00,0.05471905498099808,0.06777913107760969
0.0607148321477751,0.061058,0.0605847641435132,0.0608,1712793600,2024-04-11 00:00:00,0.05462920431600465,0.06766783529587304
0.060812,0.0608669770476716,0.0596665831334503,0.0604,1712880000,2024-04-12 00:00:00,0.05426980165603094,0.06722265216892652
0.059869,0.060183,0.059867,0.0601,1713052800,2024-04-14 00:00:00,0.054000249661050645,0.06688876482371661
0.0601326526317056,0.0604457511472604,0.059671211623952,0.0601,1713139200,2024-04-15 00:00:00,0.054000249661050645,0.06688876482371661
0.0598388897731747,0.059849,0.0584754286248918,0.0591,1713225600,2024-04-16 00:00:00,0.05310174301111636,0.06577580700635029
0.058691,0.0592984401545317,0.0584744028301611,0.0589,1713312000,2024-04-17 00:00:00,0.0529220416811295,0.06555321544287701
0.0588678534425921,0.05909,0.0581909594525395,0.0587,1713398400,2024-04-18 00:00:00,0.05274234035114265,0.06533062387940375
0.058544,0.0585607981134053,0.054959,0.0579,1713484800,2024-04-19 00:00:00,0.052023535031195216,0.06444025762551069
0.058461,0.05849,0.0583958655727175,0.0585,1713657600,2024-04-21 00:00:00,0.052562639021155794,0.06510803231593049
0.058447,0.058773,0.0579240037071362,0.0585,1713744000,2024-04-22 00:00:00,0.052562639021155794,0.06510803231593049
0.058341,0.0590458195559754,0.0582557076029524,0.0586,1713830400,2024-04-23 00:00:00,0.05265248968614922,0.06521932809766712
0.058923,0.0591291226302526,0.0582818510315888,0.0588,1713916800,2024-04-24 00:00:00,0.05283219101613607,0.06544191966114038
0.05852,0.058745,0.0574201142660274,0.0583,1714003200,2024-04-25 00:00:00,0.052382937691168925,0.06488544075245721
0.058116,0.0584173569651015,0.0577884365338496,0.0582,1714089600,2024-04-26 00:00:00,0.0522930870261755,0.06477414497072058
0.058062,0.058252,0.0580541412921691,0.0582,1714262400,2024-04-28 00:00:00,0.0522930870261755,0.06477414497072058
0.058243,0.0588488344105613,0.057965,0.0585,1714348800,2024-04-29 00:00:00,0.052562639021155794,0.06510803231593049
0.058762,0.058955,0.0581207470143372,0.0586,1714435200,2024-04-30 00:00:00,0.05265248968614922,0.06521932809766712
0.058291,0.059118635731067,0.0582170447863726,0.0586,1714521600,2024-05-01 00:00:00,0.05265248968614922,0.06521932809766712
0.058971,0.059158,0.0587219749374611,0.059,1714608000,2024-05-02 00:00:00,0.05301189234612293,0.06566451122461364
0.0588782515514419,0.059421,0.0586558427084922,0.059,1714694400,2024-05-03 00:00:00,0.05301189234612293,0.06566451122461364
0.0589101620029455,0.0589344648750589,0.0585051923358198,0.0588,1714867200,2024-05-05 00:00:00,0.05283219101613607,0.06544191966114038
0.058866,0.0593287310059068,0.0588211073661673,0.0591,1714953600,2024-05-06 00:00:00,0.05310174301111636,0.06577580700635029
0.0592542380112382,0.059397,0.0589831308245842,0.0592,1715040000,2024-05-07 00:00:00,0.05319159367610979,0.06588710278808692
0.059138,0.0592450404495514,0.0588422204700317,0.0591,1715126400,2024-05-08 00:00:00,0.05310174301111636,0.06577580700635029
0.059094,0.0596076860534705,0.0588955898982284,0.0592,1715212800,2024-05-09 00:00:00,0.05319159367610979,0.06588710278808692
0.0594972482522683,0.0597970249784133,0.0594141762224467,0.0596,1715299200,2024-05-10 00:00:00,0.053550996336083505,0.06633228591503344
0.0593796019191487,0.059586,0.0593056142845875,0.0595,1715472000,2024-05-12 00:00:00,0.053461145671090074,0.06622099013329681
0.059577,0.0597578968566749,0.0591715976331361,0.0596,1715558400,2024-05-13 00:00:00,0.053550996336083505,0.06633228591503344
0.059523,0.059617707412985,0.059171,0.0594,1715644800,2024-05-14 00:00:00,0.05337129500609665,0.06610969435156018
0.059344,0.0600503221699785,0.0590859405004579,0.0596,1715731200,2024-05-15 00:00:00,0.053550996336083505,0.06633228591503344
0.059929,0.0600102857629798,0.0596761969553204,0.0599,1715817600,2024-05-16 00:00:00,0.05382054833106379,0.06666617326024335
0.059943,0.0602342147205193,0.0597614323620109,0.06,1715904000,2024-05-17 00:00:00,0.053910398996057214,0.06677746904197998
0.0600285856124687,0.0602386414017773,0.060024369894177,0.0602,1716076800,2024-05-19 00:00:00,0.054090100326044076,0.06700006060545324
0.060228,0.0604272691345969,0.0600319369904789,0.0603,1716163200,2024-05-20 00:00:00,0.05417995099103751,0.06711135638718989
0.060393,0.0604955919886897,0.0599387426050576,0.0603,1716249600,2024-05-21 00:00:00,0.05417995099103751,0.06711135638718989
0.060145,0.0602588963221585,0.0598497770595805,0.0601,1716336000,2024-05-22 00:00:00,0.054000249661050645,0.06688876482371661
0.059983,0.0601537771158189,0.0596071886269484,0.0599,1716422400,2024-05-23 00:00:00,0.05382054833106379,0.06666617326024335
0.059746,0.059965,0.0596324257278138,0.0598,1716508800,2024-05-24 00:00:00,0.05373069766607036,0.06655487747850672
0.059708,0.059922,0.0596968593482297,0.0599,1716681600,2024-05-26 00:00:00,0.05382054833106379,0.06666617326024335
0.059913,0.060081,0.059572,0.06,1716768000,2024-05-27 00:00:00,0.053910398996057214,0.06677746904197998
0.0599972161291716,0.060111,0.0589960059703958,0.0598,1716854400,2024-05-28 00:00:00,0.05373069766607036,0.06655487747850672
0.059528,0.059718,0.0586475866518093,0.0593,1716940800,2024-05-29 00:00:00,0.05328144434110322,0.06599839856982355
0.058729,0.0591470988348022,0.0582903442044825,0.0588,1717027200,2024-05-30 00:00:00,0.05283219101613607,0.06544191966114038
0.058769,0.0591470988348022,0.0584949255652072,0.0588,1717113600,2024-05-31 00:00:00,0.05283219101613607,0.06544191966114038
0.058811,0.0589264079875925,0.0587965521701807,0.0589,1717286400,2024-06-02 00:00:00,0.0529220416811295,0.06555321544287701
0.0589,0.0591086416834141,0.056301551107733,0.0574,1717372800,2024-06-03 00:00:00,0.05157428170622807,0.06388377871682752
0.056547,0.056985,0.054945,0.0561,1717459200,2024-06-04 00:00:00,0.050406223061313496,0.06243693355425128
0.056118,0.05719,0.0560302563384228,0.0567,1717545600,2024-06-05 00:00:00,0.050945327051274074,0.06310470824467108
0.057076,0.057314,0.055457,0.0568,1717632000,2024-06-06 00:00:00,0.051035177716267505,0.06321600402640772
0.055881,0.056156,0.0541491809936375,0.0553,1717718400,2024-06-07 00:00:00,0.04968741774136607,0.06154656730035822
0.054271,0.054865,0.054163,0.0546,1717891200,2024-06-09 00:00:00,0.04905846308641207,0.06076749682820179
0.054534,0.054903,0.053583,0.0544,1717977600,2024-06-10 00:00:00,0.04887876175642521,0.06054490526472851
0.0538461207100796,0.054609,0.053679,0.0542,1718064000,2024-06-11 00:00:00,0.04869906042643835,0.06032231370125525
0.053789,0.053895,0.0526295014670474,0.0534,1718150400,2024-06-12 00:00:00,0.04798025510649093,0.05943194744736219
0.053283,0.054441,0.0530388615738752,0.0536,1718236800,2024-06-13 00:00:00,0.04815995643647778,0.05965453901083545
0.0542753802533141,0.054365,0.0534890935738203,0.054,1718323200,2024-06-14 00:00:00,0.0485193590964515,0.06009972213778198
0.0538479473970171,0.054141,0.0538378586745442,0.0541,1718496000,2024-06-16 00:00:00,0.04860920976144493,0.06021101791951862
0.054123,0.054247,0.0536049316537121,0.054,1718582400,2024-06-17 00:00:00,0.0485193590964515,0.06009972213778198
0.053933,0.054662,0.0538401485988101,0.0542,1718668800,2024-06-18 00:00:00,0.04869906042643835,0.06032231370125525
0.05429,0.0544453839297916,0.0540578527139745,0.0543,1718755200,2024-06-19 00:00:00,0.04878891109143178,0.06043360948299188
0.054229,0.0547691616758268,0.0541239763802967,0.0543,1718841600,2024-06-20 00:00:00,0.04878891109143178,0.06043360948299188
0.0544371740574203,0.055254,0.0543986770241748,0.0547,1718928000,2024-06-21 00:00:00,0.0491483137514055,0.06087879260993841
0.0549788578802022,0.055326,0.0549788578802022,0.0552,1719100800,2024-06-23 00:00:00,0.04959756707637264,0.06143527151862158
0.0551620661503497,0.055937,0.055041831792162,0.0554,1719187200,2024-06-24 00:00:00,0.049777268406359494,0.061657863082094845
0.055693,0.055882,0.0548546352166758,0.0554,1719273600,2024-06-25 00:00:00,0.049777268406359494,0.061657863082094845
0.055144,0.055341,0.0543124049532913,0.0549,1719360000,2024-06-26 00:00:00,0.049328015081392354,0.06110138417341168
0.054573,0.0546954693008005,0.05404,0.0544,1719446400,2024-06-27 00:00:00,0.04887876175642521,0.06054490526472851
0.054237,0.054913,0.0537264678071005,0.0545,1719532800,2024-06-28 00:00:00,0.04896861242141864,0.06065620104646515
0.054423,0.054718,0.0544149575835406,0.0546,1719705600,2024-06-30 00:00:00,0.04905846308641207,0.06076749682820179
0.054676,0.05474,0.0541565123206066,0.0545,1719792000,2024-07-01 00:00:00,0.04896861242141864,0.06065620104646515
0.054393,0.054896,0.0540231002776787,0.0545,1719878400,2024-07-02 00:00:00,0.04896861242141864,0.06065620104646515
0.054734,0.055215,0.0545836631096313,0.0549,1719964800,2024-07-03 00:00:00,0.049328015081392354,0.06110138417341168
0.055018,0.05537,0.0549586436206754,0.0552,1720051200,2024-07-04 00:00:00,0.04959756707637264,0.06143527151862158
0.055252,0.055542,0.0549251370382169,0.0553,1720137600,2024-07-05 00:00:00,0.04968741774136607,0.06154656730035822
0.0550388023556607,0.055273,0.0550377421316668,0.0552,1720310400,2024-07-07 00:00:00,0.04959756707637264,0.06143527151862158
0.055267,0.055661,0.0551919022441027,0.0554,1720396800,2024-07-08 00:00:00,0.049777268406359494,0.061657863082094845
0.0555816789446595,0.055863,0.0553280956069492,0.0556,1720483200,2024-07-09 00:00:00,0.049956969736346356,0.061880454645568114
0.05585,0.056280511072065,0.0558038828341676,0.0561,1720569600,2024-07-10 00:00:00,0.050406223061313496,0.06243693355425128
0.056041,0.056486,0.055847202055177,0.0561,1720656000,2024-07-11 00:00:00,0.050406223061313496,0.06243693355425128
0.0562896666244494,0.056791,0.0561126292694697,0.0564,1720742400,2024-07-12 00:00:00,0.05067577505629378,0.06277082089946118
0.0565201663953699,0.0565644452866262,0.0564012611321989,0.0565,1720915200,2024-07-14 00:00:00,0.05076562572128721,0.06288211668119782
0.056504,0.0567665758401453,0.0559474988670632,0.0562,1721001600,2024-07-15 00:00:00,0.05049607372630693,0.06254822933598791
0.056397,0.056683686888383,0.0561044440330119,0.0564,1721088000,2024-07-16 00:00:00,0.05067577505629378,0.06277082089946118
0.056613,0.056626,0.0561003523102125,0.0564,1721174400,2024-07-17 00:00:00,0.05067577505629378,0.06277082089946118
0.056336,0.056494,0.0552791597567717,0.0561,1721260800,2024-07-18 00:00:00,0.050406223061313496,0.06243693355425128
0.055645,0.0561014853429259,0.055175457956301,0.0556,1721347200,2024-07-19 00:00:00,0.049956969736346356,0.061880454645568114
0.0551919022441027,0.055694,0.055177,0.0556,1721520000,2024-07-21 00:00:00,0.049956969736346356,0.061880454645568114
0.055624,0.0558963681334805,0.0551648048545028,0.0556,1721606400,2024-07-22 00:00:00,0.049956969736346356,0.061880454645568114
0.05571,0.055763,0.054916,0.0554,1721692800,2024-07-23 00:00:00,0.049777268406359494,0.061657863082094845
0.055043,0.055061,0.0542005420054201,0.0547,1721779200,2024-07-24 00:00:00,0.0491483137514055,0.06087879260993841
0.054437,0.0545797901952865,0.0537417707913476,0.0542,1721865600,2024-07-25 00:00:00,0.04869906042643835,0.06032231370125525
0.054184,0.054628,0.0540018036602423,0.0543,1721952000,2024-07-26 00:00:00,0.04878891109143178,0.06043360948299188
0.05401,0.054261,0.05401,0.0542,1722124800,2024-07-28 00:00:00,0.04869906042643835,0.06032231370125525
0.054209,0.054291,0.0533492669810717,0.0539,1722211200,2024-07-29 00:00:00,0.048429508431458074,0.05998842635604536
0.0535592820913828,0.0538297440557159,0.0530870096087487,0.0535,1722297600,2024-07-30 00:00:00,0.04807010577148435,0.05954324322909882
0.0532583455827528,0.054008,0.052777,0.0534,1722384000,2024-07-31 00:00:00,0.04798025510649093,0.05943194744736219
0.053625,0.05425,0.052734272003375,0.0535,1722470400,2024-08-01 00:00:00,0.04807010577148435,0.05954324322909882
0.052806,0.052968,0.052001,0.0526,1722556800,2024-08-02 00:00:00,0.047261449786543494,0.05854158119346912
0.0522157764747041,0.05225,0.0510825934019679,0.0517,1722729600,2024-08-04 00:00:00,0.04645279380160264,0.057539919157839424
0.051202,0.052092,0.049266,0.0511,1722816000,2024-08-05 00:00:00,0.04591368981164207,0.056872144467419616
0.052067,0.052238,0.05095,0.0516,1722902400,2024-08-06 00:00:00,0.04636294313660921,0.057428623376102786
0.051038,0.0523,0.0509938705367615,0.0518,1722988800,2024-08-07 00:00:00,0.04654264446659606,0.05765121493957605
0.0518114044154715,0.053014,0.0516142352060698,0.0521,1723075200,2024-08-08 00:00:00,0.046812196461576354,0.05798510228478595
0.0529791500554957,0.0532591114356366,0.0528024922776355,0.0531,1723161600,2024-08-09 00:00:00,0.04771070311151064,0.05909806010215229
0.0529933281399872,0.053166,0.052927387329501,0.0531,1723334400,2024-08-11 00:00:00,0.04771070311151064,0.05909806010215229
0.053079,0.053215,0.052261,0.0529,1723420800,2024-08-12 00:00:00,0.047531001781523786,0.05887546853867902
0.052458,0.052876,0.05228,0.0526,1723507200,2024-08-13 00:00:00,0.047261449786543494,0.05854158119346912
0.052609,0.053253,0.0525154920701607,0.0529,1723593600,2024-08-14 00:00:00,0.047531001781523786,0.05887546853867902
0.053103,0.053661,0.0530335171828596,0.0534,1723680000,2024-08-15 00:00:00,0.04798025510649093,0.05943194744736219
0.053604,0.053757,0.0532907007727152,0.0536,1723766400,2024-08-16 00:00:00,0.04815995643647778,0.05965453901083545
0.0534540682554998,0.053716,0.053321,0.0536,1723939200,2024-08-18 00:00:00,0.04815995643647778,0.05965453901083545
0.053688,0.05372,0.0530408308315742,0.0535,1724025600,2024-08-19 00:00:00,0.04807010577148435,0.05954324322909882
0.053554,0.05359,0.0524920605758379,0.0531,1724112000,2024-08-20 00:00:00,0.04771070311151064,0.05909806010215229
0.0525718407346599,0.0528198957757817,0.0514827018121911,0.0523,1724198400,2024-08-21 00:00:00,0.04699189779156321,0.05820769384825922
0.051853,0.0518641263617575,0.05113,0.0516,1724284800,2024-08-22 00:00:00,0.04636294313660921,0.057428623376102786
0.0512581833689749,0.052566,0.051150895140665,0.0518,1724371200,2024-08-23 00:00:00,0.04654264446659606,0.05765121493957605
0.052121,0.0523131843872348,0.0517535392951686,0.0521,1724544000,2024-08-25 00:00:00,0.046812196461576354,0.05798510228478595
0.052029,0.0523395791897833,0.0513848209238991,0.0519,1724630400,2024-08-26 00:00:00,0.04663249513158949,0.057762510721312686
0.051563,0.051669,0.050444,0.0512,1724716800,2024-08-27 00:00:00,0.0460035404766355,0.056983440249156254
0.050529,0.051482,0.0504991844381713,0.0509,1724803200,2024-08-28 00:00:00,0.045733988481655205,0.056649552903946354
0.0507758550653993,0.051097,0.0500698474371749,0.0507,1724889600,2024-08-29 00:00:00,0.04555428715166835,0.056426961340473085
0.050375,0.050957,0.0502813240078238,0.0507,1724976000,2024-08-30 00:00:00,0.04555428715166835,0.056426961340473085
0.0507519149966326,0.050766,0.050482,0.0507,1725148800,2024-09-01 00:00:00,0.04555428715166835,0.056426961340473085
0.050696,0.0509572315955219,0.050252,0.0506,1725235200,2024-09-02 00:00:00,0.04546443648667492,0.056315665558736454
0.050363,0.050684,0.049987503124219,0.0504,1725321600,2024-09-03 00:00:00,0.045284735156688065,0.056093073995263185
0.050481,0.0508183017031754,0.0500525551829421,0.0504,1725408000,2024-09-04 00:00:00,0.045284735156688065,0.056093073995263185
0.050101,0.050345,0.049583498611662,0.05,1725494400,2024-09-05 00:00:00,0.04492533249671435,0.05564789086831665
0.0502391382982999,0.0506022425901871,0.0497104367061865,0.0502,1725580800,2024-09-06 00:00:00,0.04510503382670121,0.05587048243178992
0.0499592831842049,0.050136,0.0499592831842049,0.0501,1725753600,2024-09-08 00:00:00,0.04501518316170778,0.055759186650053284
0.0500645833124731,0.0504803712124578,0.0499286020989984,0.0502,1725840000,2024-09-09 00:00:00,0.04510503382670121,0.05587048243178992
0.0502204678538785,0.0502918941536679,0.049646,0.05,1725926400,2024-09-10 00:00:00,0.04492533249671435,0.05564789086831665
0.049752,0.0506399625264277,0.0495957942766453,0.0502,1726012800,2024-09-11 00:00:00,0.04510503382670121,0.05587048243178992
0.050464,0.051376,0.0503410606861487,0.0508,1726099200,2024-09-12 00:00:00,0.045644137816661774,0.056538257122209716
0.051173,0.0520871042226495,0.0510633952051472,0.0516,1726185600,2024-09-13 00:00:00,0.04636294313660921,0.057428623376102786
0.051848,0.052187,0.051794,0.0521,1726358400,2024-09-15 00:00:00,0.046812196461576354,0.05798510228478595
0.052187,0.052187,0.0515392187685219,0.052,1726444800,2024-09-16 00:00:00,0.04672234579658292,0.05787380650304932
0.052015,0.0523949468217487,0.0514813766120106,0.0519,1726531200,2024-09-17 00:00:00,0.04663249513158949,0.057762510721312686
0.052274,0.0524400898193858,0.0515397500322123,0.0521,1726617600,2024-09-18 00:00:00,0.046812196461576354,0.05798510228478595
0.051985,0.052234,0.0514972835182944,0.0519,1726704000,2024-09-19 00:00:00,0.04663249513158949,0.057762510721312686
0.051766,0.0519082511279663,0.051273374249486,0.0516,1726790400,2024-09-20 00:00:00,0.04636294313660921,0.057428623376102786
0.0515065670873036,0.051582,0.051313,0.0515,1726963200,2024-09-22 00:00:00,0.046273092471615776,0.05731732759436615
0.0515662740066789,0.0518457071754459,0.0512363327082501,0.0515,1727049600,2024-09-23 00:00:00,0.046273092471615776,0.05731732759436615
0.051457,0.051981,0.0513906304602545,0.0516,1727136000,2024-09-24 00:00:00,0.04636294313660921,0.057428623376102786
0.05174,0.051767,0.0507499317413418,0.0514,1727222400,2024-09-25 00:00:00,0.04618324180662235,0.05720603181262952
0.050873,0.051364,0.0505937172721891,0.051,1727308800,2024-09-26 00:00:00,0.045823839146648636,0.05676084868568298
0.050939,0.051195,0.0505827128520557,0.051,1727395200,2024-09-27 00:00:00,0.045823839146648636,0.05676084868568298
0.0505681329739625,0.0509294626941686,0.0505681329739625,0.0508,1727568000,2024-09-29 00:00:00,0.045644137816661774,0.056538257122209716
0.050902,0.051139,0.0506177901285186,0.0508,1727654400,2024-09-30 00:00:00,0.045644137816661774,0.056538257122209716
0.050806,0.051035,0.0503854486824205,0.0508,1727740800,2024-10-01 00:00:00,0.045644137816661774,0.056538257122209716
0.0509202044751731,0.051703,0.0508127499352137,0.0512,1727827200,2024-10-02 00:00:00,0.0460035404766355,0.056983440249156254
0.051473,0.051828,0.0510152025303541,0.0514,1727913600,2024-10-03 00:00:00,0.04618324180662235,0.05720603181262952
0.051666,0.052318,0.0514853524172373,0.0518,1728000000,2024-10-04 00:00:00,0.04654264446659606,0.05765121493957605
0.051759,0.051891,0.051708,0.0519,1728172800,2024-10-06 00:00:00,0.04663249513158949,0.057762510721312686
0.0518217952106297,0.052093,0.0514276310376039,0.0518,1728259200,2024-10-07 00:00:00,0.04654264446659606,0.05765121493957605
0.0518220369066182,0.0520118170848417,0.0513808606294156,0.0517,1728345600,2024-10-08 00:00:00,0.04645279380160264,0.057539919157839424
0.051623,0.0517569946990486,0.051228,0.0516,1728432000,2024-10-09 00:00:00,0.04636294313660921,0.057428623376102786
0.051322319563555,0.05149,0.0509338725532641,0.0513,1728518400,2024-10-10 00:00:00,0.04609339114162892,0.057094736030892886
0.051396,0.051911,0.0511417393305546,0.0515,1728604800,2024-10-11 00:00:00,0.046273092471615776,0.05731732759436615
0.0518333454277806,0.0518333454277806,0.0518333454277806,0.0518,1728777600,2024-10-13 00:00:00,0.04654264446659606,0.05765121493957605
0.0517891064721882,0.0519610084592522,0.0514120314435984,0.0518,1728864000,2024-10-14 00:00:00,0.04654264446659606,0.05765121493957605
0.051465,0.051604,0.05057375929925,0.0512,1728950400,2024-10-15 00:00:00,0.0460035404766355,0.056983440249156254
0.050715,0.050815,0.0500638313850159,0.0505,1729036800,2024-10-16 00:00:00,0.045374585821681496,0.05620436977699982
0.050214,0.050458,0.0498815313630129,0.0502,1729123200,2024-10-17 00:00:00,0.04510503382670121,0.05587048243178992
0.050437,0.050881,0.0501887851152109,0.0505,1729209600,2024-10-18 00:00:00,0.045374585821681496,0.05620436977699982
0.0502537815970652,0.050347,0.0502537815970652,0.0503,1729382400,2024-10-20 00:00:00,0.045194884491694634,0.05598177821352655
0.0503178832272884,0.050323,0.0497983168168916,0.0501,1729468800,2024-10-21 00:00:00,0.04501518316170778,0.055759186650053284
0.050067,0.0505784914964911,0.0499251123315027,0.0502,1729555200,2024-10-22 00:00:00,0.04510503382670121,0.05587048243178992
0.050115,0.0504591785245736,0.0497272460553862,0.0501,1729641600,2024-10-23 00:00:00,0.04501518316170778,0.055759186650053284
0.0503937769732691,0.0506188150135405,0.0501579976927321,0.0504,1729728000,2024-10-24 00:00:00,0.045284735156688065,0.056093073995263185
0.050423,0.05057081810941,0.0499126528574994,0.0503,1729814400,2024-10-25 00:00:00,0.045194884491694634,0.05598177821352655
0.0499418177822836,0.050137,0.049927,0.0501,1729987200,2024-10-27 00:00:00,0.04501518316170778,0.055759186650053284
0.050107,0.050123,0.0497166152928309,0.0499,1730073600,2024-10-28 00:00:00,0.04483548183172092,0.055536595086580015
0.0498780481722189,0.0500904131958185,0.0497282351946612,0.0499,1730160000,2024-10-29 00:00:00,0.04483548183172092,0.055536595086580015
0.049849,0.0499810821604023,0.0493993044577932,0.0497,1730246400,2024-10-30 00:00:00,0.04465578050173406,0.05531400352310675
0.049577,0.050028,0.0494902504206671,0.0498,1730332800,2024-10-31 00:00:00,0.04474563116672749,0.055425299304843384
0.049858,0.050193,0.049181,0.0498,1730419200,2024-11-01 00:00:00,0.04474563116672749,0.055425299304843384
0.049542,0.04978,0.049527,0.0497,1730592000,2024-11-03 00:00:00,0.04465578050173406,0.05531400352310675
0.0497726881332952,0.050103,0.0495640838822556,0.0498,1730678400,2024-11-04 00:00:00,0.04474563116672749,0.055425299304843384
0.04971,0.049909,0.049098550610786,0.0496,1730764800,2024-11-05 00:00:00,0.04456592983674063,0.055202707741370115
0.049613,0.049986,0.0480212830326401,0.0488,1730851200,2024-11-06 00:00:00,0.04384712451679321,0.05431234148747706
0.049557,0.050597,0.0494496256663337,0.0501,1730937600,2024-11-07 00:00:00,0.04501518316170778,0.055759186650053284
0.0504528140057012,0.050561,0.0492814760787715,0.05,1731024000,2024-11-08 00:00:00,0.04492533249671435,0.05564789086831665
0.049456,0.0496495979623805,0.0494159528532277,0.0496,1731196800,2024-11-10 00:00:00,0.04456592983674063,0.055202707741370115
0.049627,0.0496736194831857,0.0485837827333236,0.0491,1731283200,2024-11-11 00:00:00,0.044116676511773485,0.05464622883268695
0.0490975863626544,0.049126,0.04829,0.0488,1731369600,2024-11-12 00:00:00,0.04384712451679321,0.05431234148747706
0.048528,0.048935,0.0483874869958629,0.0486,1731456000,2024-11-13 00:00:00,0.043667423186806345,0.05408974992400378
0.048687,0.049053,0.0483220179274686,0.0487,1731542400,2024-11-14 00:00:00,0.043757273851799776,0.05420104570574042
0.0488553198557791,0.049208,0.0485955875206531,0.049,1731628800,2024-11-15 00:00:00,0.04402682584678006,0.05453493305095032
0.048947,0.049097,0.0489375654539938,0.0491,1731801600,2024-11-17 00:00:00,0.044116676511773485,0.05464622883268695
0.049076,0.0494929447807215,0.0488691674648631,0.0492,1731888000,2024-11-18 00:00:00,0.04420652717676692,0.05475752461442358
0.049457,0.049833,0.049119773656083,0.0495,1731974400,2024-11-19 00:00:00,0.04447607917174721,0.05509141195963349
0.0497129573840644,0.04975,0.0491376345142745,0.0494,1732060800,2024-11-20 00:00:00,0.04438622850675378,0.05498011617789685
0.049286,0.049345,0.0488312246382827,0.0491,1732147200,2024-11-21 00:00:00,0.044116676511773485,0.05464622883268695
0.048947,0.049067,0.0486168506004181,0.0489,1732233600,2024-11-22 00:00:00,0.04393697518178663,0.05442363726921368
0.049331,0.049423,0.048382,0.0492,1732492800,2024-11-25 00:00:00,0.04420652717676692,0.05475752461442358
0.048537,0.048923,0.0479733651876478,0.0485,1732579200,2024-11-26 00:00:00,0.04357757252181292,0.05397845414226715
0.048374,0.048697,0.0480827022478663,0.0484,1732665600,2024-11-27 00:00:00,0.04348772185681949,0.05386715836053052
0.0485188881605665,0.04949,0.0484970756263397,0.0491,1732752000,2024-11-28 00:00:00,0.044116676511773485,0.05464622883268695
0.0488610489489988,0.049377,0.0488081060502528,0.049,1732838400,2024-11-29 00:00:00,0.04402682584678006,0.05453493305095032
0.0490047142535112,0.0490930549037089,0.048908,0.049,1733011200,2024-12-01 00:00:00,0.04402682584678006,0.05453493305095032
0.049047,0.0492853622474125,0.048504367818322,0.0489,1733097600,2024-12-02 00:00:00,0.04393697518178663,0.05442363726921368
0.0489711887805048,0.049287,0.0489009511234994,0.0491,1733184000,2024-12-03 00:00:00,0.044116676511773485,0.05464622883268695
0.0491796828894047,0.04936,0.0490099980396001,0.0492,1733270400,2024-12-04 00:00:00,0.04420652717676692,0.05475752461442358
0.049211,0.04959,0.0491869398837221,0.0494,1733356800,2024-12-05 00:00:00,0.04438622850675378,0.05498011617789685
0.0494518265032119,0.0497383761414957,0.049250166219311,0.0495,1733443200,2024-12-06 00:00:00,0.04447607917174721,0.05509141195963349
0.049473,0.049553,0.049281,0.0495,1733616000,2024-12-08 00:00:00,0.04447607917174721,0.05509141195963349
0.049546,0.049717,0.0493152576475636,0.0496,1733702400,2024-12-09 00:00:00,0.04456592983674063,0.055202707741370115
0.0493605099138116,0.0496269295570548,0.0491509178933917,0.0495,1733788800,2024-12-10 00:00:00,0.04447607917174721,0.05509141195963349
0.04957,0.049747,0.0493242576699221,0.0496,1733875200,2024-12-11 00:00:00,0.04456592983674063,0.055202707741370115
0.049661,0.04974,0.049348,0.0496,1733961600,2024-12-12 00:00:00,0.04456592983674063,0.055202707741370115
0.049482,0.0497172579540155,0.0492987256279425,0.0495,1734048000,2024-12-13 00:00:00,0.04447607917174721,0.05509141195963349
0.0495778200731669,0.049696,0.0495410026108108,0.0497,1734220800,2024-12-15 00:00:00,0.04465578050173406,0.05531400352310675
0.049683812219038,0.0497432997018884,0.0494471805217666,0.0497,1734307200,2024-12-16 00:00:00,0.04465578050173406,0.05531400352310675
0.049639,0.049749931966968,0.0492491960068752,0.0496,1734393600,2024-12-17 00:00:00,0.04456592983674063,0.055202707741370115
0.049551,0.0498144412065058,0.048892,0.0495,1734480000,2024-12-18 00:00:00,0.04447607917174721,0.05509141195963349
0.049034,0.049272,0.0487175115095121,0.0491,1734566400,2024-12-19 00:00:00,0.044116676511773485,0.05464622883268695
0.0491050602764615,0.0499400719137036,0.0490436488474743,0.0495,1734652800,2024-12-20 00:00:00,0.04447607917174721,0.05509141195963349
0.049685,0.0498238726103225,0.049671,0.0498,1734825600,2024-12-22 00:00:00,0.04474563116672749,0.055425299304843384
0.049815,0.049856,0.0493103941379804,0.0496,1734912000,2024-12-23 00:00:00,0.04456592983674063,0.055202707741370115
0.0495069111647986,0.049685,0.0494298269461759,0.0496,1734998400,2024-12-24 00:00:00,0.04456592983674063,0.055202707741370115
0.0495471391481856,0.049598,0.0494794759133911,0.0496,1735084800,2024-12-25 00:00:00,0.04456592983674063,0.055202707741370115
0.049569,0.0496648368485277,0.049381,0.0495,1735171200,2024-12-26 00:00:00,0.04447607917174721,0.05509141195963349
0.049444,0.0495785820525533,0.0489708770194365,0.0493,1735257600,2024-12-27 00:00:00,0.04429637784176035,0.054868820396160214
0.049163,0.049193,0.049117,0.0492,1735430400,2024-12-29 00:00:00,0.04420652717676692,0.05475752461442358
0.049173,0.0492111695575768,0.0482928478292365,0.0489,1735516800,2024-12-30 00:00:00,0.04393697518178663,0.05442363726921368
0.048415,0.048422,0.0478468899521531,0.0482,1735603200,2024-12-31 00:00:00,0.04330802052683263,0.05364456679705725
0.0479666919291244,0.0480686035109308,0.0479379491186608,0.048,1735689600,2025-01-01 00:00:00,0.043128319196845774,0.05342197523358399
0.047972,0.0485917621413807,0.0479002907547649,0.0483,1735776000,2025-01-02 00:00:00,0.043397871191826067,0.05375586257879389
0.0485081323883949,0.048723,0.048257890165042,0.0485,1735862400,2025-01-03 00:00:00,0.04357757252181292,0.05397845414226715
0.0484137008836953,0.048494,0.0483947462663453,0.0485,1736035200,2025-01-05 00:00:00,0.04357757252181292,0.05397845414226715
0.04846,0.0493998169242785,0.0483514570711588,0.0489,1736121600,2025-01-06 00:00:00,0.04393697518178663,0.05442363726921368
0.049153,0.049345,0.0489811912225705,0.0492,1736208000,2025-01-07 00:00:00,0.04420652717676692,0.05475752461442358
0.049168,0.049224710804824,0.0486748278127966,0.049,1736294400,2025-01-08 00:00:00,0.04402682584678006,0.05453493305095032
0.048963,0.049009,0.0486795667518559,0.0489,1736380800,2025-01-09 00:00:00,0.04393697518178663,0.05442363726921368
0.04873,0.048819,0.0481486831335163,0.0485,1736467200,2025-01-10 00:00:00,0.04357757252181292,0.05397845414226715
0.0481688607582742,0.048286,0.048145,0.0482,1736640000,2025-01-12 00:00:00,0.04330802052683263,0.05364456679705725
0.048257,0.0485790624240952,0.0478833179308661,0.0482,1736726400,2025-01-13 00:00:00,0.04330802052683263,0.05364456679705725
0.0483858481071456,0.048892,0.0483220179274686,0.0486,1736812800,2025-01-14 00:00:00,0.043667423186806345,0.05408974992400378
0.0487179387245254,0.049079,0.048344210780759,0.0488,1736899200,2025-01-15 00:00:00,0.04384712451679321,0.05431234148747706
0.048867,0.048874,0.0478759820560819,0.0484,1736985600,2025-01-16 00:00:00,0.04348772185681949,0.05386715836053052
0.047984,0.048356,0.0477251793273613,0.0481,1737072000,2025-01-17 00:00:00,0.0432181698618392,0.05353327101532061
0.048040200039393,0.048092,0.0479646673074746,0.0481,1737244800,2025-01-19 00:00:00,0.0432181698618392,0.05353327101532061
0.048073,0.0489163320381919,0.0478343019779484,0.0484,1737331200,2025-01-20 00:00:00,0.04348772185681949,0.05386715836053052
0.048755,0.048818,0.0480524348168722,0.0483,1737417600,2025-01-21 00:00:00,0.043397871191826067,0.05375586257879389
0.048376,0.048869,0.048334863937358,0.0486,1737504000,2025-01-22 00:00:00,0.043667423186806345,0.05408974992400378
0.0487422073396016,0.049312,0.0486168506004181,0.0489,1737590400,2025-01-23 00:00:00,0.04393697518178663,0.05442363726921368
0.049051,0.049663,0.0489979910823656,0.0493,1737676800,2025-01-24 00:00:00,0.04429637784176035,0.054868820396160214
0.049002,0.049118,0.048704,0.0489,1737849600,2025-01-26 00:00:00,0.04393697518178663,0.05442363726921368
0.048896,0.0493169601025793,0.0481426563192051,0.0486,1737936000,2025-01-27 00:00:00,0.043667423186806345,0.05408974992400378
0.048171,0.048752,0.0480822398630618,0.0484,1738022400,2025-01-28 00:00:00,0.04348772185681949,0.05386715836053052
0.048618,0.048847,0.0483488855581879,0.0487,1738108800,2025-01-29 00:00:00,0.043757273851799776,0.05420104570574042
0.0487092060399416,0.04901,0.0481368627281086,0.0488,1738195200,2025-01-30 00:00:00,0.04384712451679321,0.05431234148747706
0.048349,0.048873,0.0481396434778004,0.0484,1738281600,2025-01-31 00:00:00,0.04348772185681949,0.05386715836053052
0.0471447712205687,0.047278,0.046935,0.0472,1738454400,2025-02-02 00:00:00,0.04240951387689834,0.05253160897969092
0.047207,0.049238,0.0469313909994978,0.0478,1738540800,2025-02-03 00:00:00,0.04294861786685892,0.05319938367011072
0.049031,0.0492171519805966,0.048501,0.0489,1738627200,2025-02-04 00:00:00,0.04393697518178663,0.05442363726921368
0.048731,0.048852,0.0482346131584025,0.0486,1738713600,2025-02-05 00:00:00,0.043667423186806345,0.05408974992400378
0.048572,0.048974,0.0483699332494921,0.0487,1738800000,2025-02-06 00:00:00,0.043757273851799776,0.05420104570574042
0.0488441042723938,0.0489411101409896,0.0484425713316863,0.0487,1738886400,2025-02-07 00:00:00,0.043757273851799776,0.05420104570574042
0.048411,0.048529,0.0484046083123298,0.0485,1739059200,2025-02-09 00:00:00,0.04357757252181292,0.05397845414226715
0.0485100384248014,0.0486481174637985,0.0482690711099956,0.0485,1739145600,2025-02-10 00:00:00,0.04357757252181292,0.05397845414226715
0.048464,0.04877,0.0483558994197292,0.0485,1739232000,2025-02-11 00:00:00,0.04357757252181292,0.05397845414226715
0.048652,0.0489264317708677,0.0484331864193345,0.0487,1739318400,2025-02-12 00:00:00,0.043757273851799776,0.05420104570574042
0.048662,0.049031625398382,0.048395683105067,0.0487,1739404800,2025-02-13 00:00:00,0.043757273851799776,0.05420104570574042
0.04895,0.049347,0.048881828180374,0.0491,1739491200,2025-02-14 00:00:00,0.044116676511773485,0.05464622883268695
0.04909,0.049208,0.049052,0.0492,1739664000,2025-02-16 00:00:00,0.04420652717676692,0.05475752461442358
0.0491968854435763,0.0493410502735961,0.0489164995352933,0.0492,1739750400,2025-02-17 00:00:00,0.04420652717676692,0.05475752461442358
0.049254532648367,0.049479,0.0491291851924636,0.0493,1739836800,2025-02-18 00:00:00,0.04429637784176035,0.054868820396160214
0.049335938270874,0.049494757515284,0.048792,0.0492,1739923200,2025-02-19 00:00:00,0.04420652717676692,0.05475752461442358
0.0488224036245752,0.0492716905067741,0.0488031038774066,0.049,1740009600,2025-02-20 00:00:00,0.04402682584678006,0.05453493305095032
0.049223,0.049274,0.0488854125928823,0.0491,1740096000,2025-02-21 00:00:00,0.044116676511773485,0.05464622883268695
0.048985,0.049057,0.0487531384832899,0.049,1740268800,2025-02-23 00:00:00,0.04402682584678006,0.05453493305095032
0.0490434083207047,0.049139,0.0487028008980797,0.0489,1740355200,2025-02-24 00:00:00,0.04393697518178663,0.05442363726921368
0.048808,0.049033,0.048622760314103,0.0488,1740441600,2025-02-25 00:00:00,0.04384712451679321,0.05431234148747706
0.048862,0.049276,0.0486270161976591,0.0489,1740528000,2025-02-26 00:00:00,0.04393697518178663,0.05442363726921368
0.048983374552843,0.049111,0.0486286714646956,0.0489,1740614400,2025-02-27 00:00:00,0.04393697518178663,0.05442363726921368
0.048833,0.049073,0.0483843966127052,0.0488,1740700800,2025-02-28 00:00:00,0.04384712451679321,0.05431234148747706
0.048506,0.048716,0.0484437447014654,0.0487,1740873600,2025-03-02 00:00:00,0.043757273851799776,0.05420104570574042
0.0486949983906303,0.049079,0.0481700209057891,0.0488,1740960000,2025-03-03 00:00:00,0.04384712451679321,0.05431234148747706
0.048198,0.048838,0.0475793981206138,0.0481,1741046400,2025-03-04 00:00:00,0.0432181698618392,0.05353327101532061
0.048669,0.049139,0.0483498206221655,0.0488,1741132800,2025-03-05 00:00:00,0.04384712451679321,0.05431234148747706
0.0489934299810395,0.049465,0.0487353184853063,0.0491,1741219200,2025-03-06 00:00:00,0.044116676511773485,0.05464622883268695
0.049293,0.049423,0.0490124001372347,0.0493,1741305600,2025-03-07 00:00:00,0.04429637784176035,0.054868820396160214
0.0491574172889586,0.04937,0.0491574172889586,0.0493,1741478400,2025-03-09 00:00:00,0.04429637784176035,0.054868820396160214
0.0493362303567799,0.0495451752908302,0.048952,0.0493,1741564800,2025-03-10 00:00:00,0.04429637784176035,0.054868820396160214
0.049134,0.049384,0.0489620054837446,0.0492,1741651200,2025-03-11 00:00:00,0.04420652717676692,0.05475752461442358
0.0492885202107577,0.0496029531614194,0.0490628986360514,0.0494,1741737600,2025-03-12 00:00:00,0.04438622850675378,0.05498011617789685
0.049552,0.0498441622267979,0.0494608764467306,0.0496,1741824000,2025-03-13 00:00:00,0.04456592983674063,0.055202707741370115
0.049779,0.050381,0.0496450379784541,0.05,1741910400,2025-03-14 00:00:00,0.04492533249671435,0.05564789086831665
0.05007360820406,0.05019,0.050022,0.0502,1742083200,2025-03-16 00:00:00,0.04510503382670121,0.05587048243178992
0.050165,0.0503291526583859,0.05003,0.0502,1742169600,2025-03-17 00:00:00,0.04510503382670121,0.05587048243178992
0.0500850694905297,0.050227,0.0497141436738752,0.05,1742256000,2025-03-18 00:00:00,0.04492533249671435,0.05564789086831665
0.0502212244938956,0.0502392644971678,0.049694,0.05,1742342400,2025-03-19 00:00:00,0.04492533249671435,0.05564789086831665
0.049896,0.04992,0.0492996977928525,0.0497,1742428800,2025-03-20 00:00:00,0.04465578050173406,0.05531400352310675
0.049634,0.049657,0.0492720061097288,0.0495,1742515200,2025-03-21 00:00:00,0.04447607917174721,0.05509141195963349
0.049353,0.049462,0.0492010971844672,0.0494,1742688000,2025-03-23 00:00:00,0.04438622850675378,0.05498011617789685
0.0494565711957016,0.0499102862604469,0.0493683321896336,0.0496,1742774400,2025-03-24 00:00:00,0.04456592983674063,0.055202707741370115
0.04989,0.050099,0.0496576107737152,0.0499,1742860800,2025-03-25 00:00:00,0.04483548183172092,0.055536595086580015
0.049876,0.04988,0.0493106129752988,0.0497,1742947200,2025-03-26 00:00:00,0.04465578050173406,0.05531400352310675
0.049352,0.0497883993029624,0.0490484598783598,0.0494,1743033600,2025-03-27 00:00:00,0.04438622850675378,0.05498011617789685
0.049263,0.049334,0.0488464901354513,0.0491,1743120000,2025-03-28 00:00:00,0.044116676511773485,0.05464622883268695
0.048756,0.049069,0.048756,0.049,1743292800,2025-03-30 00:00:00,0.04402682584678006,0.05453493305095032
0.049048026846928,0.049178,0.0487543269465165,0.049,1743379200,2025-03-31 00:00:00,0.04402682584678006,0.05453493305095032
0.048828,0.049208,0.0486334014200953,0.0489,1743465600,2025-04-01 00:00:00,0.04393697518178663,0.05442363726921368
0.0491373930647484,0.049604,0.0487139516757599,0.0491,1743552000,2025-04-02 00:00:00,0.044116676511773485,0.05464622883268695
0.0492894919732062,0.050406,0.0492627824604789,0.0499,1743638400,2025-04-03 00:00:00,0.04483548183172092,0.055536595086580015
0.05011,0.05023,0.0486099971320102,0.0493,1743724800,2025-04-04 00:00:00,0.04429637784176035,0.054868820396160214
0.0486322188449848,0.048772,0.04836,0.0485,1743897600,2025-04-06 00:00:00,0.04357757252181292,0.05397845414226715
0.048448,0.0488215932048154,0.048022897317441,0.0483,1743984000,2025-04-07 00:00:00,0.043397871191826067,0.05375586257879389
0.048298,0.048845,0.0477862996678852,0.0484,1744070400,2025-04-08 00:00:00,0.04348772185681949,0.05386715836053052
0.04794,0.0495733961395214,0.0473866274937213,0.0482,1744156800,2025-04-09 00:00:00,0.04330802052683263,0.05364456679705725
0.049162,0.0493851548224604,0.0484343593345119,0.049,1744243200,2025-04-10 00:00:00,0.04402682584678006,0.05453493305095032
0.0485236203279032,0.049373,0.04845712513568,0.0489,1744329600,2025-04-11 00:00:00,0.04393697518178663,0.05442363726921368
0.049148,0.0497388709276299,0.0490618395049857,0.0493,1744502400,2025-04-13 00:00:00,0.04429637784176035,0.054868820396160214
0.049309,0.049936,0.0492295574262787,0.0495,1744588800,2025-04-14 00:00:00,0.04447607917174721,0.05509141195963349
0.0497760079641613,0.050174,0.049519,0.0499,1744675200,2025-04-15 00:00:00,0.04483548183172092,0.055536595086580015
0.0496435592446236,0.050222,0.0496238512078445,0.0499,1744761600,2025-04-16 00:00:00,0.04483548183172092,0.055536595086580015
0.050163,0.050806,0.0500806298140005,0.0503,1744848000,2025-04-17 00:00:00,0.045194884491694634,0.05598177821352655
0.0507279460254654,0.0507430301910881,0.050541,0.0507,1745107200,2025-04-20 00:00:00,0.04555428715166835,0.056426961340473085
0.050722722714599,0.051053,0.050507,0.0508,1745193600,2025-04-21 00:00:00,0.045644137816661774,0.056538257122209716
0.050717,0.051214,0.0506670314692933,0.0509,1745280000,2025-04-22 00:00:00,0.045733988481655205,0.056649552903946354
0.05096,0.051354,0.0507941667978849,0.051,1745366400,2025-04-23 00:00:00,0.045823839146648636,0.05676084868568298
0.050937,0.0511151537518267,0.0508763450433721,0.051,1745452800,2025-04-24 00:00:00,0.045823839146648636,0.05676084868568298
0.051005,0.051275,0.0507495711661237,0.051,1745539200,2025-04-25 00:00:00,0.045823839146648636,0.05676084868568298
0.050949,0.051255,0.0507454506703474,0.0512,1745712000,2025-04-27 00:00:00,0.0460035404766355,0.056983440249156254
0.051173,0.0516129032258065,0.0508778463611147,0.0511,1745798400,2025-04-28 00:00:00,0.04591368981164207,0.056872144467419616
0.051041,0.051154,0.0508375486134059,0.051,1745884800,2025-04-29 00:00:00,0.045823839146648636,0.05676084868568298
0.051131,0.051222,0.050777,0.0511,1745971200,2025-04-30 00:00:00,0.04591368981164207,0.056872144467419616
0.050979,0.051037,0.0507730192175878,0.0509,1746057600,2025-05-01 00:00:00,0.045733988481655205,0.056649552903946354
0.051001,0.051149,0.0507125107764085,0.051,1746144000,2025-05-02 00:00:00,0.045823839146648636,0.05676084868568298
0.050686,0.051018,0.050686,0.051,1746316800,2025-05-04 00:00:00,0.045823839146648636,0.05676084868568298
0.050974,0.051146,0.0507040253925759,0.051,1746403200,2025-05-05 00:00:00,0.045823839146648636,0.05676084868568298
0.050783,0.050958,0.0505104076695003,0.0507,1746489600,2025-05-06 00:00:00,0.04555428715166835,0.056426961340473085
0.05089,0.051127,0.0507763707081273,0.0509,1746576000,2025-05-07 00:00:00,0.045733988481655205,0.056649552903946354
0.051,0.0512413210012554,0.0509323160452075,0.0511,1746662400,2025-05-08 00:00:00,0.04591368981164207,0.056872144467419616
0.051195,0.0514473158906354,0.0508491813281806,0.0513,1746748800,2025-05-09 00:00:00,0.04609339114162892,0.057094736030892886
0.0511357244398081,0.051445,0.051123,0.0514,1746921600,2025-05-11 00:00:00,0.04618324180662235,0.05720603181262952
0.051422,0.051481,0.050806,0.0511,1747008000,2025-05-12 00:00:00,0.04591368981164207,0.056872144467419616
0.050954,0.0516025427668974,0.0508773804254367,0.0512,1747094400,2025-05-13 00:00:00,0.0460035404766355,0.056983440249156254
0.051515,0.0517990590182939,0.0514310695090904,0.0516,1747180800,2025-05-14 00:00:00,0.04636294313660921,0.057428623376102786
0.051578,0.051735,0.0511810016122016,0.0515,1747267200,2025-05-15 00:00:00,0.046273092471615776,0.05731732759436615
0.0512786327065375,0.0514472629541636,0.0510646989735996,0.0513,1747353600,2025-05-16 00:00:00,0.04609339114162892,0.057094736030892886
0.051394,0.051395,0.0513526282275127,0.0514,1747526400,2025-05-18 00:00:00,0.04618324180662235,0.05720603181262952
0.051383,0.051809,0.0512628605701455,0.0515,1747612800,2025-05-19 00:00:00,0.046273092471615776,0.05731732759436615
0.0517721610735475,0.05194,0.051649,0.0518,1747699200,2025-05-20 00:00:00,0.04654264446659606,0.05765121493957605
0.051882,0.051914,0.0514845572070657,0.0518,1747785600,2025-05-21 00:00:00,0.04654264446659606,0.05765121493957605
0.051622,0.0518368383675543,0.051346563631229,0.0517,1747872000,2025-05-22 00:00:00,0.04645279380160264,0.057539919157839424
0.0517349041429829,0.052008,0.0515570220664054,0.0518,1747958400,2025-05-23 00:00:00,0.04654264446659606,0.05765121493957605
0.0517983614106351,0.052032,0.0516414226179103,0.052,1748131200,2025-05-25 00:00:00,0.04672234579658292,0.05787380650304932
0.052025,0.0521206593263405,0.0518952131855358,0.052,1748217600,2025-05-26 00:00:00,0.04672234579658292,0.05787380650304932
0.051946,0.052122017643303,0.0517973686936704,0.052,1748304000,2025-05-27 00:00:00,0.04672234579658292,0.05787380650304932
0.0518937589451867,0.051914,0.0514284244902157,0.0517,1748390400,2025-05-28 00:00:00,0.04645279380160264,0.057539919157839424
0.051546,0.0518299335488422,0.0514564755401643,0.0517,1748476800,2025-05-29 00:00:00,0.04645279380160264,0.057539919157839424
0.05177,0.051919,0.0514004040071755,0.0517,1748563200,2025-05-30 00:00:00,0.04645279380160264,0.057539919157839424
0.051404,0.0517330574236937,0.051324,0.0514,1748736000,2025-06-01 00:00:00,0.04618324180662235,0.05720603181262952
0.051442,0.0521032248248941,0.0514162609066743,0.0518,1748822400,2025-06-02 00:00:00,0.04654264446659606,0.05765121493957605
0.052058,0.05207,0.0518174987693344,0.052,1748908800,2025-06-03 00:00:00,0.04672234579658292,0.05787380650304932
0.051967,0.052178,0.0519164975054123,0.0521,1748995200,2025-06-04 00:00:00,0.046812196461576354,0.05798510228478595
0.0520700446240283,0.052237,0.0519615484541439,0.0521,1749081600,2025-06-05 00:00:00,0.046812196461576354,0.05798510228478595
0.0522012483406528,0.052362,0.0519804553487889,0.0522,1749168000,2025-06-06 00:00:00,0.046902047126569785,0.05809639806652259
0.052157,0.0523544037121366,0.05209,0.0523,1749340800,2025-06-08 00:00:00,0.04699189779156321,0.05820769384825922
0.0523113782478827,0.0525515898958007,0.0522318677071255,0.0524,1749427200,2025-06-09 00:00:00,0.04708174845655664,0.058318989629995856
0.05248,0.0525435270578147,0.0523193152448021,0.0525,1749513600,2025-06-10 00:00:00,0.04717159912155006,0.05843028541173248
0.0524624840776361,0.053112,0.0523957978570119,0.0527,1749600000,2025-06-11 00:00:00,0.04735130045153692,0.05865287697520575
0.052897,0.0530266554391562,0.0526443244153848,0.0528,1749686400,2025-06-12 00:00:00,0.04744115111653035,0.05876417275694239
0.052948,0.052972,0.0523020758693913,0.0526,1749772800,2025-06-13 00:00:00,0.047261449786543494,0.05854158119346912
0.0544662309368192,0.0544662309368192,0.0544662309368192,0.0545,1749945600,2025-06-15 00:00:00,0.04896861242141864,0.06065620104646515
0.0527448693746938,0.053115,0.0526512538896114,0.0529,1750032000,2025-06-16 00:00:00,0.047531001781523786,0.05887546853867902
0.052835,0.0528485360955502,0.0524507618473158,0.0527,1750118400,2025-06-17 00:00:00,0.04735130045153692,0.05865287697520575
0.052565,0.05278,0.052445260259604,0.0526,1750204800,2025-06-18 00:00:00,0.047261449786543494,0.05854158119346912
0.05256,0.052567,0.052193,0.0524,1750291200,2025-06-19 00:00:00,0.04708174845655664,0.058318989629995856
0.052525,0.0526032562467682,0.051993,0.0524,1750377600,2025-06-20 00:00:00,0.04708174845655664,0.058318989629995856
0.0518631849181858,0.0520081382334708,0.0515947951170686,0.0519,1750550400,2025-06-22 00:00:00,0.04663249513158949,0.057762510721312686
0.0519990515373,0.0524062046850099,0.0518113238829479,0.0521,1750636800,2025-06-23 00:00:00,0.046812196461576354,0.05798510228478595
0.052383,0.052769,0.0523365659885592,0.0525,1750723200,2025-06-24 00:00:00,0.04717159912155006,0.05843028541173248
0.05264,0.0529078134258867,0.05249343832021,0.0527,1750809600,2025-06-25 00:00:00,0.04735130045153692,0.05865287697520575
0.052864,0.053052,0.0526509766756173,0.0529,1750896000,2025-06-26 00:00:00,0.047531001781523786,0.05887546853867902
0.0529594537126431,0.053152,0.0527963591630721,0.053,1750982400,2025-06-27 00:00:00,0.04762085244651721,0.05898676432041565
