price_open,price_hight,price_low,price_vwap,timestamp,date,log_return,price_min_expected,price_max_expected,price_min_shifted,price_max_shifted
1.26599,1.26885,1.26599,1.267,1702771200,2023-12-17,,1.23063476090788,1.3044398313726526,1.2300974647676135,1.3039025352323863
1.26707,1.2704,1.262,1.2666,1702857600,2023-12-18,-0.0003157562388091151,1.2302462416463464,1.3040280113785336,1.2297091151339063,1.3034908848660935
1.26513,1.2762,1.2648,1.2703,1702944000,2023-12-19,0.0029169479470851564,1.2338400448155329,1.3078373463241364,1.2333013492456981,1.3072986507543018
1.2729,1.273,1.26127,1.2672,1703030400,2023-12-20,-0.0024433509692535437,1.230829020538647,1.3046457413697126,1.2302916395844674,1.3041083604155328
1.26392,1.2696,1.2611,1.2656,1703116800,2023-12-21,-0.0012634240467720174,1.2292749434925123,1.3029984613932355,1.2287382410496384,1.3024617589503618
1.26818,1.27444,1.2677,1.2705,1703203200,2023-12-22,0.00386420574682934,1.2340343044462996,1.3080432563211961,1.2334955240625516,1.3075044759374483
1.2688,1.269,1.2674,1.2685,1703376000,2023-12-24,-0.0015754237208822582,1.2320917081386313,1.3059841563505998,1.2315537758940156,1.3054462241059843
1.26903,1.2736,1.26103,1.2695,1703462400,2023-12-25,0.0007880221053966828,1.2330630062924657,1.307013706335898,1.2325246499782838,1.3064753500217163
1.27036,1.273,1.2683,1.2705,1703548800,2023-12-26,0.0007874016154855086,1.2340343044462996,1.3080432563211961,1.2334955240625516,1.3075044759374483
1.27258,1.2803,1.2697,1.2752,1703635200,2023-12-27,0.003692505275731675,1.2385994057693201,1.3128821412520968,1.2380586322586116,1.3123413677413882
1.28,1.28276,1.2711,1.2775,1703721600,2023-12-28,0.0018020140419089659,1.2408333915231389,1.3152501062182826,1.2402916426524282,1.314708357347572
1.27335,1.2773,1.2698,1.2739,1703808000,2023-12-29,-0.0028219819621183024,1.2373367181693358,1.3115437262712095,1.2367964959490632,1.311003504050937
1.2728,1.2728,1.2728,1.2728,1703980800,2023-12-31,-0.0008638630921641738,1.236268290200118,1.3104112212873815,1.2357285344563682,1.3098714655436317
1.2731,1.2756,1.2672,1.2726,1704067200,2024-01-01,-0.00015714622488527914,1.2360740305693514,1.310205311290322,1.2355343596395145,1.3096656403604854
1.27268,1.276,1.261,1.2673,1704153600,2024-01-02,-0.004173398710673148,1.2309261503540305,1.3047486963682424,1.2303887269928941,1.304211273007106
1.26218,1.26766,1.2615,1.2639,1704240000,2024-01-03,-0.002686474434938005,1.2276237366309943,1.3012482264182288,1.2270877551063828,1.3007122448936173
1.26717,1.27297,1.2655,1.2685,1704326400,2024-01-04,0.003632921386255887,1.2320917081386313,1.3059841563505998,1.2315537758940156,1.3054462241059843
1.26799,1.27709,1.26099,1.2694,1704412800,2024-01-05,0.0007092478330333203,1.2329658764770821,1.3069107513373683,1.2324275625698569,1.3063724374301433
1.2705,1.27193,1.2705,1.2712,1704585600,2024-01-07,0.001416988350136562,1.2347142131539837,1.308763941310905,1.2341751359215394,1.3082248640784608
1.27169,1.2767,1.2672,1.2722,1704672000,2024-01-08,0.0007863490221976325,1.2356855113078178,1.3097934912962028,1.2351460100058076,1.3092539899941924
1.27405,1.2765,1.2689,1.2726,1704758400,2024-01-09,0.0003143665539879055,1.2360740305693514,1.310205311290322,1.2355343596395145,1.3096656403604854
1.27106,1.2745,1.2685,1.272,1704844800,2024-01-10,-0.0004715868986242526,1.2354912516770509,1.309587581299143,1.234951835188954,1.3090481648110461
1.27438,1.2779,1.2689,1.2749,1704931200,2024-01-11,0.0022772792440089898,1.23830801632317,1.3125732762565074,1.2377673700333311,1.3120326299666687
1.27778,1.2786,1.2719,1.2758,1705017600,2024-01-12,0.0007056886637783913,1.2391821846616207,1.313499871243276,1.2386411567091724,1.3129588432908277
1.27422,1.27506,1.27346,1.274,1705190400,2024-01-14,-0.0014118756757463117,1.2374338479847193,1.3116466812697394,1.2368935833574901,1.31110641664251
1.27351,1.27651,1.2712,1.2735,1705276800,2024-01-15,-0.00039254171259687695,1.2369481989078022,1.3111319062770903,1.236408146315356,1.3105918536846441
1.27142,1.2717,1.2618,1.2655,1705363200,2024-01-16,-0.006301714434332925,1.229177813677129,1.3028955063947059,1.2286411536412116,1.3023588463587885
1.26351,1.2696,1.2595,1.2656,1705449600,2024-01-17,7.901702821078536e-05,1.2292749434925123,1.3029984613932355,1.2287382410496384,1.3024617589503618
1.26764,1.27115,1.26469,1.2684,1705536000,2024-01-18,0.00220994565080267,1.231994578323248,1.30588120135207,1.231456688485589,1.3053433115144109
1.27107,1.2715,1.266,1.2686,1705622400,2024-01-19,0.00015766653560442468,1.2321888379540147,1.3060871113491297,1.2316508633024426,1.3055491366975573
1.26784,1.27085,1.26784,1.27,1705795200,2024-01-21,0.0011029702528403326,1.2335486553693826,1.307528481328547,1.2330100870204177,1.3069899129795823
1.2699,1.2733,1.2686,1.2712,1705881600,2024-01-22,0.0009444357698694254,1.2347142131539837,1.308763941310905,1.2341751359215394,1.3082248640784608
1.27057,1.2747,1.2648,1.2703,1705968000,2024-01-23,-0.0007082431930912562,1.2338400448155329,1.3078373463241364,1.2333013492456981,1.3072986507543018
1.26898,1.27747,1.26836,1.2729,1706054400,2024-01-24,0.0020446688469737185,1.2363654200155016,1.3105141762859114,1.235825621864795,1.309974378135205
1.27166,1.2744,1.268,1.2714,1706140800,2024-01-25,-0.0011791063740803837,1.2349084727847506,1.3089698513079644,1.2343693107383933,1.3084306892616069
1.27047,1.27585,1.2674,1.2717,1706227200,2024-01-26,0.0002359325243926995,1.2351998622309006,1.3092787163035537,1.2346605729636735,1.3087394270363266
1.26992,1.27,1.269,1.2694,1706400000,2024-01-28,-0.0018102401543313871,1.2329658764770821,1.3069107513373683,1.2324275625698569,1.3063724374301433
1.2696,1.2719,1.2661,1.2697,1706486400,2024-01-29,0.00023630420337593047,1.2332572659232324,1.3072196163329577,1.2327188247951373,1.3066811752048628
1.27108,1.2721,1.26394,1.2685,1706572800,2024-01-30,-0.0009455520364092178,1.2320917081386313,1.3059841563505998,1.2315537758940156,1.3054462241059843
1.2692,1.27508,1.2657,1.2696,1706659200,2024-01-31,0.0008667901728628421,1.233160136107849,1.3071166613344278,1.2326217373867108,1.3065782626132894
1.26774,1.2756,1.26728,1.2727,1706745600,2024-02-01,0.0024387377858020943,1.2361711603847347,1.3103082662888517,1.2356314470479415,1.3097685529520584
1.2744,1.27723,1.2612,1.27,1706832000,2024-02-02,-0.002123727545364443,1.2335486553693826,1.307528481328547,1.2330100870204177,1.3069899129795823
1.26319,1.26345,1.26106,1.2619,1707004800,2024-02-04,-0.006398378793771984,1.2256811403233259,1.2991891264476327,1.2251460069378466,1.2986539930621535
1.26206,1.26295,1.25158,1.2575,1707091200,2024-02-05,-0.003492898684970678,1.2214074284464556,1.2946591065123212,1.2208741609670672,1.2941258390329329
1.2533,1.26052,1.25319,1.2566,1707177600,2024-02-06,-0.0007159620050477647,1.2205332601080048,1.293732511525553,1.2200003742912258,1.2931996257087741
1.26016,1.2642,1.25941,1.2621,1707264000,2024-02-07,0.0043673392957383535,1.2258753999540928,1.2993950364446922,1.2253401817547003,1.2988598182452997
1.26259,1.2639,1.257,1.2616,1707350400,2024-02-08,-0.0003962436157562319,1.2253897508771756,1.2988802614520434,1.2248547447125662,1.298345255287434
1.26202,1.2643,1.2598,1.2621,1707436800,2024-02-09,0.00039624361575628066,1.2258753999540928,1.2993950364446922,1.2253401817547003,1.2988598182452997
1.26225,1.26367,1.26225,1.2633,1707609600,2024-02-11,0.0009503445714068567,1.2270409577386938,1.30063049642705,1.226505230655822,1.3000947693441782
1.26362,1.26547,1.2605,1.2626,1707696000,2024-02-12,-0.000554257902466621,1.2263610490310097,1.2999098114373413,1.2258256187968342,1.2993743812031657
1.26253,1.2684,1.2572,1.2619,1707782400,2024-02-13,-0.0005545652746602935,1.2256811403233259,1.2991891264476327,1.2251460069378466,1.2986539930621535
1.25896,1.2611,1.2534,1.2565,1707868800,2024-02-14,-0.0042884436752181464,1.2204361302926214,1.293629556527023,1.2199032868827993,1.2930967131172006
1.25654,1.2611,1.25395,1.257,1707955200,2024-02-15,0.00039785160660048426,1.2209217793695384,1.2941443315196721,1.2203887239249331,1.2936112760750667
1.25969,1.26241,1.2549,1.2586,1708041600,2024-02-16,0.0012720625025858963,1.222475856415673,1.295791611496149,1.221942122459762,1.295257877540238
1.2602,1.26106,1.25966,1.2605,1708214400,2024-02-18,0.0015084755351413225,1.224321322907958,1.2977477564682154,1.2237867832198712,1.2972132167801287
1.26101,1.263,1.2581,1.2609,1708300800,2024-02-19,0.00031728405120624777,1.2247098421694917,1.2981595764623346,1.2241751328535786,1.2976248671464212
1.25863,1.26685,1.25771,1.2613,1708387200,2024-02-20,0.00031718341396695025,1.2250983614310256,1.2985713964564538,1.224563482487286,1.2980365175127142
1.26244,1.2642,1.2601,1.2623,1708473600,2024-02-21,0.0007925186656684987,1.2260696595848595,1.299600946441752,1.2255343565715537,1.2990656434284462
1.2638,1.27091,1.261,1.2654,1708560000,2024-02-22,0.0024528239539680224,1.2290806838617456,1.302792551396176,1.228544066232785,1.3022559337672153
1.26602,1.27015,1.26466,1.2673,1708646400,2024-02-23,0.001500375375234492,1.2309261503540305,1.3047486963682424,1.2303887269928941,1.304211273007106
1.267,1.26765,1.26665,1.2671,1708819200,2024-02-25,-0.00015782828315608443,1.2307318907232634,1.3045427863711825,1.2301945521760405,1.3040054478239593
1.26694,1.27,1.2655,1.2677,1708905600,2024-02-26,0.0004734101398185418,1.2313146696155641,1.3051605163623614,1.2307770766266013,1.3046229233733988
1.26821,1.2697,1.2658,1.2682,1708992000,2024-02-27,0.00039433732125014484,1.231800318692481,1.3056752913550105,1.2312625136687352,1.3051374863312648
1.26788,1.2684,1.2621,1.2654,1709078400,2024-02-28,-0.0022102945531472574,1.2290806838617456,1.302792551396176,1.228544066232785,1.3022559337672153
1.2661,1.2682,1.2611,1.2651,1709164800,2024-02-29,-0.0002371072921601476,1.2287892944155951,1.3024836864005864,1.2282528040075043,1.3019471959924955
1.26263,1.2664,1.2598,1.2636,1709251200,2024-03-01,-0.0011863804926936525,1.227332347184844,1.3009393614226394,1.2267964928811024,1.3004035071188977
1.2645,1.26618,1.2645,1.2657,1709424000,2024-03-03,0.0016605388704726443,1.2293720733078957,1.3031014163917654,1.2288353284580653,1.3025646715419348
1.26599,1.27064,1.2654,1.2679,1709510400,2024-03-04,0.0017366597354995174,1.2315089292463308,1.3053664263594211,1.2309712514434548,1.3048287485565453
1.26895,1.27344,1.267,1.2695,1709596800,2024-03-05,0.0012611336108307952,1.2330630062924657,1.307013706335898,1.2325246499782838,1.3064753500217163
1.2703,1.27612,1.2688,1.2723,1709683200,2024-03-06,0.0022031640039214227,1.2357826411232011,1.3098964462947325,1.2352430974142343,1.3093569025857656
1.27341,1.2813,1.2722,1.276,1709769600,2024-03-07,0.0029038987560804173,1.2393764442923876,1.3137057812403354,1.238835331526026,1.313164668473974
1.28129,1.28937,1.2799,1.2839,1709856000,2024-03-08,0.006172135692302797,1.2470496997076774,1.3218392261241902,1.2465052367917435,1.3212947632082566
1.2856,1.28561,1.28473,1.2852,1710028800,2024-03-10,0.0010120276446653814,1.2483123873076618,1.3231776411050775,1.2477673731012922,1.3226326268987076
1.28551,1.28617,1.2793,1.2831,1710115200,2024-03-11,-0.0016353233407307532,1.24627266118461,1.3210155861359516,1.2457285375243292,1.3204714624756706
1.2817,1.28232,1.2745,1.2791,1710201600,2024-03-12,-0.003122319295625126,1.2423874685692733,1.3168973861947593,1.2418450411872568,1.316354958812743
1.2793,1.28113,1.2773,1.2795,1710288000,2024-03-13,0.0003126709944961307,1.2427759878308071,1.3173092061888787,1.2422333908209642,1.316766609179036
1.2801,1.2823,1.27298,1.278,1710374400,2024-03-14,-0.0011730206623633988,1.2413190406000558,1.3157648812109315,1.240777079694562,1.315222920305438
1.27449,1.2759,1.2717,1.2741,1710460800,2024-03-15,-0.003056308950144978,1.2375309778001027,1.311749636268269,1.2369906707659168,1.3112093292340832
1.27338,1.27374,1.27288,1.2732,1710633600,2024-03-17,-0.0007066305793973492,1.236656809461652,1.310823041281501,1.2361168840900756,1.3102831159099246
1.27305,1.27468,1.2717,1.2732,1710720000,2024-03-18,0.0,1.236656809461652,1.310823041281501,1.2361168840900756,1.3102831159099246
1.27257,1.2733,1.2667,1.2708,1710806400,2024-03-19,-0.001886793012576867,1.2343256938924498,1.3083521213167855,1.233786786287832,1.3078132137121679
1.27171,1.2798,1.2683,1.2725,1710892800,2024-03-20,0.0013368460293167496,1.235976900753968,1.3101023562917922,1.235437272231088,1.309562727768912
1.27974,1.28033,1.26462,1.2736,1710979200,2024-03-21,0.000864066665440847,1.2370453287231857,1.3112348612756202,1.2365052337237827,1.3106947662762174
1.26598,1.2675,1.2574,1.2612,1711065600,2024-03-22,-0.009783887419212753,1.225001231615642,1.2984684414579242,1.224466395078859,1.2979336049211412
1.25961,1.25993,1.25915,1.2596,1711238400,2024-03-24,-0.0012694384440362055,1.2234471545695074,1.296821161481447,1.2229129965440302,1.29628700345597
1.25972,1.26522,1.259,1.2625,1711324800,2024-03-25,0.002299671922645237,1.2262639192156264,1.2998068564388114,1.2257285313884074,1.2992714686115925
1.26358,1.2668,1.26202,1.2641,1711411200,2024-03-26,0.0012665243519970344,1.227817996261761,1.3014541364152885,1.2272819299232363,1.3009180700767637
1.26274,1.2641,1.2604,1.2623,1711497600,2024-03-27,-0.0014249527426960225,1.2260696595848595,1.299600946441752,1.2255343565715537,1.2990656434284462
1.26173,1.26542,1.2584,1.2625,1711584000,2024-03-28,0.00015842839069899655,1.2262639192156264,1.2998068564388114,1.2257285313884074,1.2992714686115925
1.26196,1.2646,1.26073,1.2624,1711670400,2024-03-29,-7.92110579050946e-05,1.226166789400243,1.2997039014402816,1.2256314439799807,1.2991685560200192
1.26262,1.26418,1.26242,1.2633,1711843200,2024-03-31,0.000712673744381984,1.2270409577386938,1.30063049642705,1.226505230655822,1.3000947693441782
1.26373,1.2643,1.2538,1.2594,1711929600,2024-04-01,-0.0030919277813494816,1.2232528949387407,1.2966152514843876,1.2227188217271765,1.2960811782728237
1.25456,1.2582,1.2538,1.256,1712016000,2024-04-02,-0.0027033490264983862,1.2199504812157043,1.293114781534374,1.2194178498406651,1.2925821501593349
1.25753,1.2656,1.25617,1.2599,1712102400,2024-04-03,0.003100284688440156,1.2237385440156576,1.2971300264770365,1.2232042587693106,1.2965957412306894
1.26504,1.26834,1.26325,1.2657,1712188800,2024-04-04,0.0045929760818186356,1.2293720733078957,1.3031014163917654,1.2288353284580653,1.3025646715419348
1.26387,1.2649,1.25732,1.2623,1712275200,2024-04-05,-0.0026898750395867466,1.2260696595848595,1.299600946441752,1.2255343565715537,1.2990656434284462
1.26302,1.26334,1.262,1.2624,1712448000,2024-04-07,7.921733279375642e-05,1.226166789400243,1.2997039014402816,1.2256314439799807,1.2991685560200192
1.2622,1.26642,1.2612,1.2636,1712534400,2024-04-08,0.0009501188363204785,1.227332347184844,1.3009393614226394,1.2267964928811024,1.3004035071188977
1.26572,1.27091,1.2647,1.2671,1712620800,2024-04-09,0.002766034876932246,1.2307318907232634,1.3045427863711825,1.2301945521760405,1.3040054478239593
1.26762,1.27048,1.2518,1.2602,1712707200,2024-04-10,-0.005460386296907385,1.2240299334618079,1.297438891472626,1.2234955209945908,1.2969044790054092
1.25363,1.25785,1.2509,1.2546,1712793600,2024-04-11,-0.004453641845312245,1.2185906638003365,1.2916734115549566,1.2180586261226898,1.29114137387731
1.25543,1.2559,1.2425,1.2483,1712880000,2024-04-12,-0.005034171005637589,1.2124714854311813,1.2851872466475789,1.2119421193918012,1.2846578806081987
1.24461,1.24627,1.24439,1.2457,1713052800,2024-04-14,-0.002085004764958289,1.2099461102312126,1.282510416685804,1.2094178467727044,1.2819821532272957
1.24591,1.2499,1.2434,1.2463,1713139200,2024-04-15,0.00048154094028409345,1.2105288891235129,1.2831281466769828,1.210000371223265,1.282599628776735
1.2446,1.24719,1.2404,1.2438,1713225600,2024-04-16,-0.0020079521625422157,1.2081006437389277,1.2805542717137377,1.2075731860125951,1.280026813987405
1.24299,1.24818,1.2416,1.2449,1713312000,2024-04-17,0.000883995717951286,1.2091690717081451,1.2816867766975655,1.2086411475052898,1.28115885249471
1.24529,1.24845,1.2429,1.2458,1713398400,2024-04-18,0.0007226884323050102,1.210043240046596,1.2826133716843338,1.209514934181131,1.282085065818869
1.24342,1.24684,1.2358,1.2419,1713484800,2024-04-19,-0.0031354288660583123,1.2062551772466428,1.2785981267416713,1.2057285252524856,1.2780714747475144
1.2371,1.2379,1.23653,1.2374,1713657600,2024-04-21,-0.003630060857098426,1.2018843355543891,1.27396515180783,1.2013595918732796,1.2734404081267205
1.23755,1.2393,1.2298,1.2351,1713744000,2024-04-22,-0.0018604656529196783,1.1996503498005704,1.2715971868416445,1.199126581479463,1.2710734185205372
1.23492,1.2459,1.233,1.2397,1713830400,2024-04-23,0.003717476400132352,1.2041183213082076,1.2763331167740155,1.2035926022670962,1.2758073977329039
1.24541,1.247,1.2421,1.2445,1713916800,2024-04-24,0.003864427963545466,1.2087805524466115,1.2812749567034463,1.2082527978715825,1.2807472021284174
1.24591,1.2529,1.2453,1.2492,1714003200,2024-04-25,0.0037695036012769857,1.213345653769632,1.2861138416343474,1.2128159060676424,1.2855840939323577
1.25068,1.2541,1.2448,1.2501,1714089600,2024-04-26,0.0007202016875939115,1.2142198221080829,1.2870404366211154,1.2136896927434837,1.2865103072565163
1.24827,1.251,1.24811,1.2503,1714262400,2024-04-28,0.000159974404436433,1.2144140817388496,1.287246346618175,1.2138838675603374,1.2867161324396625
1.25091,1.25692,1.2506,1.2537,1714348800,2024-04-29,0.0027156566210254957,1.2177164954618858,1.2907468165681886,1.2171848394468485,1.2902151605531516
1.25587,1.2561,1.24837,1.2526,1714435200,2024-04-30,-0.0008777880306669742,1.216648067492668,1.2896143115843606,1.2161168779541538,1.289083122045846
1.24885,1.25496,1.2465,1.2493,1714521600,2024-05-01,-0.002637996653528795,1.2134427835850154,1.286216796632877,1.2129129934760692,1.285687006523931
1.25357,1.2545,1.2471,1.2518,1714608000,2024-05-02,0.0019991210528175402,1.2158710289696009,1.2887906715961222,1.2153401786867395,1.2882598213132606
1.25394,1.2634,1.25286,1.2557,1714694400,2024-05-03,0.0031106705043171122,1.2196590917695542,1.2928059165387846,1.219126587615385,1.2922734123846151
1.2547,1.25529,1.2539,1.2546,1714867200,2024-05-05,-0.0008763893322753963,1.2185906638003365,1.2916734115549566,1.2180586261226898,1.29114137387731
1.25399,1.2595,1.2537,1.2566,1714953600,2024-05-06,0.0015928643062037091,1.2205332601080048,1.293732511525553,1.2200003742912258,1.2931996257087741
1.25602,1.25706,1.2488,1.254,1715040000,2024-05-07,-0.0020712187759806097,1.218007884908036,1.291055681563778,1.217476101672129,1.290523898327871
1.25007,1.2505,1.2466,1.2488,1715126400,2024-05-08,-0.00415535199164377,1.2129571345080983,1.285702021640228,1.212427556433935,1.2851724435660647
1.24928,1.2531,1.2445,1.2496,1715212800,2024-05-09,0.0006404098841992446,1.2137341730311657,1.2865256616284664,1.2132042557013496,1.2859957442986505
1.25246,1.2541,1.2501,1.2525,1715299200,2024-05-10,0.0023180538735982233,1.2165509376772847,1.2895113565858307,1.2160197905457268,1.288980209454273
1.25156,1.2527,1.25156,1.2524,1715472000,2024-05-12,-7.984350676921211e-05,1.2164538078619014,1.2894084015873009,1.2159227031373003,1.2888772968626996
1.25214,1.2569,1.2516,1.2541,1715558400,2024-05-13,0.0013564733777535745,1.2181050147234194,1.2911586365623078,1.217573189080556,1.290626810919444
1.25597,1.2593,1.25085,1.2563,1715644800,2024-05-14,0.0017527091803681448,1.2202418706618545,1.2934236465299636,1.2197091120659453,1.2928908879340546
1.25833,1.2694,1.2582,1.2631,1715731200,2024-05-15,0.00539812376955731,1.2268466981079267,1.3004245864299901,1.226311055838968,1.2998889441610317
1.26881,1.27008,1.2643,1.2673,1715817600,2024-05-16,0.0033196363080890794,1.2309261503540305,1.3047486963682424,1.2303887269928941,1.304211273007106
1.26707,1.2712,1.2643,1.2672,1715904000,2024-05-17,-7.891102785711943e-05,1.230829020538647,1.3046457413697126,1.2302916395844674,1.3041083604155328
1.26835,1.2708,1.26835,1.2703,1716076800,2024-05-19,0.002443350969253472,1.2338400448155329,1.3078373463241364,1.2333013492456981,1.3072986507543018
1.27056,1.27252,1.2688,1.2704,1716163200,2024-05-20,7.871846345631562e-05,1.2339371746309162,1.3079403013226663,1.233398436654125,1.3074015633458749
1.27094,1.2727,1.2686,1.2711,1716249600,2024-05-21,0.0005508558077519186,1.2346170833386,1.3086609863123748,1.2340780485131124,1.3081219514868874
1.27092,1.27612,1.2699,1.2726,1716336000,2024-05-22,0.00117938449806853,1.2360740305693514,1.310205311290322,1.2355343596395145,1.3096656403604854
1.27199,1.27465,1.2684,1.2718,1716422400,2024-05-23,-0.0006288319653842776,1.2352969920462842,1.3093816713020836,1.2347576603721002,1.3088423396278999
1.26928,1.2751,1.26731,1.2716,1716508800,2024-05-24,-0.0001572697966597986,1.2351027324155173,1.3091757613050239,1.2345634855552468,1.3086365144447534
1.27302,1.27428,1.27302,1.2738,1716681600,2024-05-26,0.001728608900617689,1.2372395883539524,1.3114407712726797,1.2366994085406364,1.3109005914593637
1.27335,1.2778,1.2732,1.2754,1716768000,2024-05-27,0.0012552959439058365,1.238793665400087,1.3130880512491567,1.2382528070754653,1.312547192924535
1.2771,1.28005,1.2752,1.2775,1716854400,2024-05-28,0.0016451881966881474,1.2408333915231389,1.3152501062182826,1.2402916426524282,1.314708357347572
1.27569,1.2772,1.2693,1.2737,1716940800,2024-05-29,-0.002978992482145665,1.237142458538569,1.31133781627415,1.2366023211322097,1.3107976788677904
1.26972,1.27472,1.2679,1.2715,1717027200,2024-05-30,-0.0017287447335394813,1.235005602600134,1.3090728063064943,1.2344663981468198,1.3085336018531804
1.2727,1.2766,1.2698,1.2728,1717113600,2024-05-31,0.0010218921614027333,1.236268290200118,1.3104112212873815,1.2357285344563682,1.3098714655436317
1.27355,1.27451,1.27348,1.2742,1717286400,2024-06-02,0.0010993326588107778,1.237628107615486,1.3118525912667989,1.2370877581743436,1.3113122418256564
1.27439,1.2815,1.2693,1.2752,1717372800,2024-06-03,0.0007844983535626627,1.2385994057693201,1.3128821412520968,1.2380586322586116,1.3123413677413882
1.28095,1.28171,1.27424,1.2781,1717459200,2024-06-04,0.002271571101718284,1.2414161704154394,1.3158678362094614,1.240874167102989,1.315325832897011
1.27724,1.27954,1.2754,1.2776,1717545600,2024-06-05,-0.0003912822368659398,1.2409305213385222,1.3153530612168125,1.240388730060855,1.3148112699391452
1.27932,1.2809,1.2762,1.2786,1717632000,2024-06-06,0.0007824114318237644,1.2419018194923563,1.3163826112021104,1.241359604145123,1.315840395854877
1.27915,1.28177,1.2714,1.2759,1717718400,2024-06-07,-0.00211391740492889,1.2392793144770042,1.3136028262418056,1.2387382441175994,1.3130617558824007
1.27266,1.27315,1.2713,1.2725,1717891200,2024-06-09,-0.00266834250301974,1.235976900753968,1.3101023562917922,1.235437272231088,1.309562727768912
1.27279,1.27373,1.2687,1.2718,1717977600,2024-06-10,-0.0005502495913703428,1.2352969920462842,1.3093816713020836,1.2347576603721002,1.3088423396278999
1.27254,1.27514,1.2705,1.273,1718064000,2024-06-11,0.0009430997240990581,1.236462549830885,1.310617131284441,1.235922709273222,1.310077290726778
1.27396,1.28603,1.2731,1.2794,1718150400,2024-06-12,0.0050148984586308055,1.2426788580154238,1.317206251190349,1.2421363034125374,1.3166636965874627
1.2796,1.28076,1.27356,1.2775,1718236800,2024-06-13,-0.0014861749381777692,1.2408333915231389,1.3152501062182826,1.2402916426524282,1.314708357347572
1.27535,1.27631,1.2655,1.2707,1718323200,2024-06-14,-0.005337113367370919,1.2342285640770665,1.3082491663182556,1.2336896988794055,1.3077103011205944
1.26817,1.26871,1.2658,1.2683,1718496000,2024-06-16,-0.0018905086371047352,1.2318974485078644,1.3057782463535403,1.2313596010771621,1.3052403989228378
1.26829,1.27141,1.2657,1.268,1718582400,2024-06-17,-0.00023656507621259035,1.2316060590617144,1.305469381357951,1.2310683388518817,1.3049316611481183
1.27136,1.27208,1.2667,1.2695,1718668800,2024-06-18,0.0011822661475619962,1.2330630062924657,1.307013706335898,1.2325246499782838,1.3064753500217163
1.2706,1.274,1.26974,1.2721,1718755200,2024-06-19,0.002045956017431979,1.2355883814924344,1.309690536297673,1.2350489225973806,1.3091510774026194
1.27199,1.27201,1.26481,1.2689,1718841600,2024-06-20,-0.002518694759296416,1.232480227400165,1.306395976344719,1.231942125527723,1.3058578744722769
1.26594,1.26746,1.26208,1.2647,1718928000,2024-06-21,-0.0033154435169381537,1.2284007751540615,1.3020718664064672,1.227864454373797,1.3015355456262028
1.26389,1.2652,1.2634,1.264,1719100800,2024-06-23,-0.0005536441791279504,1.2277208664463777,1.3013511814167587,1.2271848425148095,1.3008151574851905
1.26378,1.2698,1.2631,1.2666,1719187200,2024-06-24,0.0020548493755270947,1.2302462416463464,1.3040280113785336,1.2297091151339063,1.3034908848660935
1.26818,1.27024,1.2669,1.2686,1719273600,2024-06-25,0.0015777851174667318,1.2321888379540147,1.3060871113491297,1.2316508633024426,1.3055491366975573
1.26837,1.26932,1.2613,1.2652,1719360000,2024-06-26,-0.002683717768302881,1.2288864242309787,1.3025866413991163,1.2283498914159314,1.3020501085840688
1.26206,1.26705,1.2611,1.2643,1719446400,2024-06-27,-0.0007116031136418548,1.228012255892528,1.301660046412348,1.22747610474009,1.30112389525991
1.2644,1.26647,1.2618,1.2639,1719532800,2024-06-28,-0.0003164306647714119,1.2276237366309943,1.3012482264182288,1.2270877551063828,1.3007122448936173
1.26508,1.26578,1.26422,1.2648,1719705600,2024-06-30,0.0007118282421816937,1.2284979049694449,1.302174821404997,1.2279615417822238,1.301638458217776
1.26483,1.27101,1.2632,1.2663,1719792000,2024-07-01,0.0011852555613005248,1.2299548522001962,1.303719146382944,1.2294178529086262,1.3031821470913738
1.26446,1.2692,1.2614,1.2654,1719878400,2024-07-02,-0.0007109847437787121,1.2290806838617456,1.302792551396176,1.228544066232785,1.3022559337672153
1.26872,1.27773,1.2676,1.2724,1719964800,2024-07-03,0.0055166031622050134,1.2358797709385845,1.3099994012932623,1.235340184822661,1.309459815177339
1.27466,1.2768,1.2739,1.2753,1720051200,2024-07-04,0.0022765641578652435,1.2386965355847037,1.3129850962506269,1.2381557196670385,1.3124442803329617
1.27546,1.2818,1.2753,1.2788,1720137600,2024-07-05,0.002740693152832057,1.242096079123123,1.31658852119917,1.2415537789619764,1.3160462210380235
1.27945,1.28156,1.27919,1.2809,1720310400,2024-07-07,0.0016408176514039945,1.2441358052461748,1.3187505761682958,1.2435926145389393,1.3182073854610605
1.28054,1.2846,1.27899,1.2819,1720396800,2024-07-08,0.0007803964809987246,1.2451071034000092,1.319780126153594,1.2445634886232075,1.3192365113767925
1.28151,1.28251,1.27673,1.2799,1720483200,2024-07-09,-0.001561402456342854,1.2431645070923407,1.317721026182998,1.2426217404546716,1.3171782595453285
1.2788,1.2854,1.2782,1.2815,1720569600,2024-07-10,0.0012493169423797945,1.2447185841384756,1.319368306159475,1.2441751389895004,1.3188248610104998
1.28539,1.29491,1.2848,1.2896,1720656000,2024-07-11,0.006300825948238116,1.2525860991845321,1.3277076610403893,1.2520392190720715,1.3271607809279287
1.29231,1.2995,1.2901,1.2951,1720742400,2024-07-12,0.004255819477177652,1.25792823903062,1.3333701859595284,1.2573790265355456,1.3328209734644543
1.29634,1.29816,1.29622,1.2967,1720915200,2024-07-14,0.0012346633252971787,1.2594823160767545,1.3350174659360055,1.2589324250703746,1.3344675749296253
1.29668,1.29944,1.29528,1.2975,1721001600,2024-07-15,0.000616760485205129,1.260259354599822,1.335841105924244,1.259709124337789,1.3352908756622113
1.29689,1.29794,1.2937,1.2961,1721088000,2024-07-16,-0.0010795806107143577,1.2588995371844542,1.3343997359448265,1.2583499006198138,1.3338500993801863
1.29763,1.30441,1.2964,1.3012,1721174400,2024-07-17,0.003927160169866957,1.2638531577690082,1.3396504408698466,1.2633013584495807,1.3390986415504191
1.30065,1.3013,1.2928,1.2981,1721260800,2024-07-18,-0.0023852587002474485,1.2608421334921225,1.3364588359154228,1.2602916487883498,1.3359083512116503
1.29482,1.29485,1.2899,1.2924,1721347200,2024-07-19,-0.004400701948605593,1.2553057340152678,1.3305904009992238,1.254757666508022,1.330042333491978
1.29126,1.2939,1.29089,1.2927,1721520000,2024-07-21,0.00023209933955874233,1.255597123461418,1.3308992659948131,1.2550489287333024,1.3303510712666975
1.29322,1.29421,1.2904,1.2922,1721606400,2024-07-22,-0.0003868621658369023,1.2551114743845009,1.330384491002164,1.2545634916911683,1.3298365083088317
1.29304,1.2935,1.2886,1.2914,1721692800,2024-07-23,-0.0006192909316983631,1.2543344358614337,1.3295608510139258,1.253786792423754,1.3290132075762462
1.29006,1.29377,1.2876,1.2906,1721779200,2024-07-24,-0.0006196746906273224,1.2535573973383662,1.3287372110256872,1.2530100931563395,1.3281899068436605
1.28978,1.29133,1.284,1.2879,1721865600,2024-07-25,-0.002094241603114737,1.2509348923230141,1.3259574260653826,1.250388733128816,1.3254112668711842
1.28552,1.2878,1.2848,1.2865,1721952000,2024-07-26,-0.0010876321768258114,1.2495750749076462,1.324516056085965,1.2490295094108406,1.3239704905891594
1.28558,1.28708,1.28558,1.2868,1722124800,2024-07-28,0.00023316364307245094,1.2498664643537964,1.3248249210815546,1.2493207716361208,1.3242792283638791
1.28664,1.2888,1.2805,1.2852,1722211200,2024-07-29,-0.001244168123167964,1.2483123873076618,1.3231776411050775,1.2477673731012922,1.3226326268987076
1.28589,1.28644,1.27859,1.2842,1722297600,2024-07-30,-0.000778391881755321,1.2473410891538277,1.3221480911197796,1.246796499017024,1.321603500982976
1.28375,1.28642,1.28192,1.2841,1722384000,2024-07-31,-7.787252271971162e-05,1.2472439593384443,1.3220451361212497,1.2466994116085974,1.3215005883914026
1.28521,1.2861,1.27245,1.279,1722470400,2024-08-01,-0.003979561258385676,1.24229033875389,1.3167944311962296,1.24174795377883,1.3162520462211698
1.27275,1.284,1.2706,1.2766,1722556800,2024-08-02,-0.0018782287568856896,1.239959223184688,1.3143235112315141,1.239417855976587,1.313782144023413
1.27978,1.28092,1.278,1.2791,1722729600,2024-08-04,0.0019564117833903855,1.2423874685692733,1.3168973861947593,1.2418450411872568,1.316354958812743
1.2787,1.28166,1.2709,1.2771,1722816000,2024-08-05,-0.0015648231031310583,1.240444872261605,1.3148382862241632,1.2399032930187208,1.314296706981279
1.2788,1.2804,1.26717,1.2726,1722902400,2024-08-06,-0.003529830703524559,1.2360740305693514,1.310205311290322,1.2355343596395145,1.3096656403604854
1.26836,1.27357,1.26765,1.2706,1722988800,2024-08-07,-0.0015728219662589208,1.234131434261683,1.3081462113197257,1.2335926114709785,1.3076073885290214
1.26825,1.2761,1.2663,1.2707,1723075200,2024-08-08,7.86998780558329e-05,1.2342285640770665,1.3082491663182556,1.2336896988794055,1.3077103011205944
1.27456,1.2774,1.2724,1.2755,1723161600,2024-08-09,0.003770328871377503,1.2388907952154706,1.3131910062476864,1.2383498944838922,1.312650105516108
1.27595,1.27605,1.2747,1.2751,1723334400,2024-08-11,-0.0003136516923699376,1.2385022759539368,1.3127791862535672,1.2379615448501848,1.312238455149815
1.2748,1.2794,1.2746,1.2766,1723420800,2024-08-12,0.0011756869324607015,1.239959223184688,1.3143235112315141,1.239417855976587,1.313782144023413
1.27704,1.2873,1.2762,1.2814,1723507200,2024-08-13,0.003752936382964275,1.244621454323092,1.3192653511609451,1.2440780515810737,1.3187219484189265
1.28648,1.28683,1.28146,1.2843,1723593600,2024-08-14,0.0022605926140888467,1.247438218969211,1.3222510461183095,1.246893586425451,1.321706413574549
1.28241,1.28717,1.2797,1.2845,1723680000,2024-08-15,0.00015571473092822901,1.247632478599978,1.322456956115369,1.2470877612423044,1.3219122387576956
1.28583,1.2947,1.2856,1.2896,1723766400,2024-08-16,0.00396255520242562,1.2525860991845321,1.3277076610403893,1.2520392190720715,1.3271607809279287
1.2933,1.29503,1.2933,1.2943,1723939200,2024-08-18,0.003637915696028571,1.2571512005075527,1.3325465459712902,1.2566023272681313,1.3319976727318688
1.29461,1.2997,1.2939,1.2967,1724025600,2024-08-19,0.0018525671064461855,1.2594823160767545,1.3350174659360055,1.2589324250703746,1.3344675749296253
1.29883,1.30386,1.2972,1.3008,1724112000,2024-08-20,0.0031568842387074527,1.2634646385074746,1.3392386208757274,1.2629130088158735,1.3386869911841264
1.30336,1.3119,1.30095,1.3052,1724198400,2024-08-21,0.0033768259256193108,1.267738350384345,1.343768640811039,1.2671848547866529,1.343215145213347
1.30914,1.3129,1.3075,1.3097,1724284800,2024-08-22,0.0034418176161917107,1.2721091920765988,1.3484016157448804,1.2715537881658592,1.347846211834141
1.30961,1.323,1.3091,1.3154,1724371200,2024-08-23,0.004342698531893173,1.2776455915534533,1.3542700506610792,1.277087770446187,1.3537122295538129
1.3209,1.32158,1.32029,1.3208,1724544000,2024-08-25,0.004096811738667752,1.282890601584158,1.3598296205816889,1.2823304905012345,1.3592695094987655
1.32138,1.3222,1.31685,1.3196,1724630400,2024-08-26,-0.0009089532514917399,1.281725043799557,1.3585941605993312,1.281165441600113,1.3580345583998872
1.3191,1.327,1.3178,1.3222,1724716800,2024-08-27,0.001968355545051266,1.2842504189995259,1.3612709905611062,1.2836897142192099,1.3607102857807902
1.32549,1.32603,1.3166,1.3213,1724803200,2024-08-28,-0.0006809154793066673,1.2833762506610749,1.360344395574338,1.2828159275433684,1.3597840724566315
1.31926,1.3228,1.31431,1.3184,1724889600,2024-08-29,-0.002197220264963827,1.2805594860149558,1.3573587006169736,1.2800003926989911,1.356799607301009
1.31652,1.32,1.3108,1.3154,1724976000,2024-08-30,-0.0022780782879566713,1.2776455915534533,1.3542700506610792,1.277087770446187,1.3537122295538129
1.31254,1.3134,1.31205,1.313,1725148800,2024-09-01,-0.0018262065644544575,1.2753144759842514,1.351799130696364,1.2747576726439438,1.351242327356056
1.31287,1.3155,1.3118,1.3137,1725235200,2024-09-02,0.0005329881726663305,1.2759943846919355,1.3525198156860727,1.2754372845029316,1.3519627154970686
1.31399,1.3147,1.3086,1.3117,1725321600,2024-09-03,-0.0015235776543623051,1.274051788384267,1.3504607157154767,1.2734955363343952,1.349904463665605
1.31122,1.31751,1.31,1.3128,1725408000,2024-09-04,0.0008382549547810394,1.2751202163534845,1.3515932206993042,1.27456349782709,1.3510365021729098
1.3143,1.31852,1.3135,1.3162,1725494400,2024-09-05,0.0025865362461376697,1.2784226300765207,1.3550936906493178,1.2778644697136015,1.3545355302863986
1.31752,1.32383,1.3108,1.3162,1725580800,2024-09-06,0.0,1.2784226300765207,1.3550936906493178,1.2778644697136015,1.3545355302863986
1.31175,1.3138,1.31175,1.3134,1725753600,2024-09-08,-0.002129602265146595,1.275702995245785,1.3522109506904831,1.2751460222776507,1.351653977722349
1.31306,1.3143,1.30211,1.3096,1725840000,2024-09-09,-0.002897447699947003,1.2720120622612154,1.3482986607463505,1.2714567007574327,1.3477432992425675
1.30703,1.3108,1.30382,1.3077,1725926400,2024-09-10,-0.001451878144468521,1.2701665957689305,1.3463425157742843,1.2696120399973232,1.345787960002677
1.30794,1.3111,1.30006,1.3063,1726012800,2024-09-11,-0.0010711554199390398,1.2688067783535626,1.344901145794867,1.2682528162793478,1.3443471837206522
1.30376,1.31324,1.303,1.3067,1726099200,2024-09-12,0.00030616150258291143,1.2691952976150962,1.3453129657889862,1.268641165913055,1.344758834086945
1.31323,1.3158,1.31112,1.3136,1726185600,2024-09-13,0.005266584703063462,1.2758972548765521,1.3524168606875429,1.2753401970945046,1.3518598029054956
1.31169,1.3137,1.31166,1.3131,1726358400,2024-09-15,-0.00038070583320455104,1.2754116057996348,1.3519020856948938,1.2748547600523703,1.3513452399476296
1.31348,1.3221,1.3122,1.3187,1726444800,2024-09-16,0.00425564894869419,1.280850875461106,1.357667565612563,1.2802916549242715,1.3571083450757284
1.321,1.323,1.31406,1.3192,1726531200,2024-09-17,0.0003790894317356342,1.2813365245380233,1.3581823406052118,1.2807770919664057,1.3576229080335942
1.31667,1.3298,1.3154,1.3208,1726617600,2024-09-18,0.0012121213605291025,1.282890601584158,1.3598296205816889,1.2823304905012345,1.3592695094987655
1.32028,1.3314,1.3151,1.325,1726704000,2024-09-19,0.003174845814404341,1.2869700538302613,1.3641537305199407,1.2864081616551601,1.3635918383448398
1.32809,1.3341,1.3267,1.3302,1726790400,2024-09-20,0.003916847429998349,1.292020804230199,1.3695073904434907,1.2914567068933542,1.3689432931066459
1.3315,1.33222,1.331,1.3317,1726963200,2024-09-22,0.0011270146577785432,1.2934777514609503,1.3710517154214379,1.2929130180197563,1.3704869819802439
1.33112,1.33592,1.32463,1.3317,1727049600,2024-09-23,0.0,1.2934777514609503,1.3710517154214379,1.2929130180197563,1.3704869819802439
1.33482,1.34274,1.333,1.3375,1727136000,2024-09-24,0.004345878262062199,1.2991112807531882,1.3770231053361666,1.2985440877085108,1.376455912291489
1.34263,1.34294,1.33119,1.3382,1727222400,2024-09-25,0.000523227578555095,1.2997911894608722,1.3777437903258754,1.2992236995674986,1.3771763004325015
1.33129,1.34342,1.3312,1.3386,1727308800,2024-09-26,0.0002988643178253081,1.3001797087224058,1.3781556103199946,1.2996120492012055,1.3775879507987945
1.34101,1.34274,1.3358,1.3389,1727395200,2024-09-27,0.00022408963679207482,1.300471098168556,1.378464475315584,1.299903311426486,1.377896688573514
1.33625,1.3384,1.33625,1.338,1727568000,2024-09-29,-0.00067241961516003,1.2995969298301056,1.3775378803288159,1.299029524750645,1.3769704752493552
1.3383,1.3424,1.33486,1.3389,1727654400,2024-09-30,0.0006724196151600576,1.300471098168556,1.378464475315584,1.299903311426486,1.377896688573514
1.3377,1.339,1.3236,1.3316,1727740800,2024-10-01,-0.005467154602464056,1.2933806216455668,1.370948760422908,1.2928159306113294,1.3703840693886704
1.32738,1.3306,1.32445,1.3276,1727827200,2024-10-02,-0.003008425855050285,1.28949542903023,1.3668305604817157,1.288932434274257,1.3662675657257428
1.32622,1.3265,1.3091,1.3147,1727913600,2024-10-03,-0.009764298143260958,1.2769656828457694,1.3535493656713706,1.2764081585871994,1.3529918414128006
1.31283,1.3175,1.30685,1.3128,1728000000,2024-10-04,-0.0014462419266774854,1.2751202163534845,1.3515932206993042,1.27456349782709,1.3510365021729098
1.31031,1.3125,1.31031,1.3119,1728172800,2024-10-06,-0.000685792688896436,1.274246048015034,1.3506666257125362,1.273689711151249,1.350110288848751
1.31225,1.3134,1.3058,1.3092,1728259200,2024-10-07,-0.0020602044599592694,1.2716235429996816,1.3478868407522313,1.271068351123725,1.3473316488762748
1.30843,1.31135,1.3062,1.3094,1728345600,2024-10-08,0.00015275337996555717,1.2718178026304483,1.3480927507492908,1.2712625259405788,1.347537474059421
1.30926,1.3103,1.3055,1.308,1728432000,2024-10-09,-0.0010697639898468241,1.2704579852150808,1.3466513807698737,1.2699033022226036,1.3460966977773965
1.30659,1.30936,1.30192,1.3063,1728518400,2024-10-10,-0.0013005395246264927,1.2688067783535626,1.344901145794867,1.2682528162793478,1.3443471837206522
1.30611,1.30831,1.304,1.3065,1728604800,2024-10-11,0.00015309246814950692,1.2690010379843295,1.3451070557919265,1.2684469910962015,1.3445530089037985
1.3069,1.3069,1.3069,1.3069,1728777600,2024-10-13,0.0003061146423230663,1.269389557245863,1.3455188757860457,1.2688353407299087,1.3449646592700912
1.30409,1.3072,1.3029,1.3053,1728864000,2024-10-14,-0.0012250212082461152,1.2678354801997282,1.3438715958095688,1.2672819421950796,1.3433180578049202
1.3066,1.3103,1.3034,1.3072,1728950400,2024-10-15,0.0014545457109943617,1.2696809466920131,1.345827740781635,1.2691266029551889,1.345273397044811
1.30641,1.30772,1.2975,1.3017,1729036800,2024-10-16,-0.0042163426333235885,1.2643388068459256,1.340165215862496,1.2637867954917148,1.3396132045082854
1.29906,1.30232,1.2973,1.2998,1729123200,2024-10-17,-0.001460696012166252,1.2624933403536407,1.3382090708904295,1.2619421347316058,1.3376578652683944
1.30136,1.3071,1.301,1.304,1729209600,2024-10-18,0.003226057026349833,1.266572792599744,1.3425331808286813,1.2660198058855314,1.3419801941144687
1.3053,1.30564,1.3046,1.3051,1729382400,2024-10-20,0.0008432026868835182,1.2676412205689616,1.3436656858125091,1.2670877673782261,1.3431122326217737
1.30516,1.3053,1.2975,1.3017,1729468800,2024-10-21,-0.0026085637010671817,1.2643388068459256,1.340165215862496,1.2637867954917148,1.3396132045082854
1.29819,1.3015,1.2943,1.2983,1729555200,2024-10-22,-0.002615386106207062,1.2610363931228894,1.3366647459124823,1.2604858236052037,1.3361141763947963
1.29804,1.2995,1.2906,1.2957,1729641600,2024-10-23,-0.0020046267314426176,1.2585110179229206,1.3339879159507075,1.2579615509861066,1.3334384490138935
1.29155,1.29881,1.291,1.2957,1729728000,2024-10-24,0.0,1.2585110179229206,1.3339879159507075,1.2579615509861066,1.3334384490138935
1.29709,1.2999,1.2954,1.2975,1729814400,2024-10-25,0.0013882464052784977,1.260259354599822,1.335841105924244,1.259709124337789,1.3352908756622113
1.29699,1.29699,1.29556,1.2959,1729987200,2024-10-27,-0.0012339015986749782,1.2587052775536873,1.334193825947767,1.2581557258029603,1.3336442741970398
1.29568,1.30013,1.2938,1.2972,1730073600,2024-10-28,0.0010026609917939875,1.2599679651536717,1.3355322409286543,1.2594178621125085,1.3349821378874913
1.29743,1.30171,1.2956,1.2984,1730160000,2024-10-29,0.0009246417672186849,1.2611335229382727,1.3367677009110122,1.2605829110136302,1.3362170889863698
1.30107,1.30433,1.29346,1.2992,1730246400,2024-10-30,0.0006159532070319814,1.26191056146134,1.3375913408992506,1.2613596102810445,1.3370403897189553
1.29579,1.29997,1.2843,1.2932,1730332800,2024-10-31,-0.0046289235561354745,1.256082772538335,1.3314140409874622,1.2555343657754363,1.3308656342245635
1.28968,1.29801,1.27494,1.2926,1730419200,2024-11-01,-0.0004640730224828489,1.2554999936460345,1.3307963109962833,1.2549518413248757,1.3302481586751242
1.29694,1.29694,1.29488,1.2957,1730592000,2024-11-03,0.002395395805970093,1.2585110179229206,1.3339879159507075,1.2579615509861066,1.3334384490138935
1.29522,1.2999,1.2933,1.2969,1730678400,2024-11-04,0.0009257117069306075,1.2596765757075215,1.335223375933065,1.259126599887228,1.3346734001127718
1.29539,1.3048,1.29456,1.2992,1730764800,2024-11-05,0.001771889065717648,1.26191056146134,1.3375913408992506,1.2613596102810445,1.3370403897189553
1.30416,1.30428,1.2834,1.2894,1730851200,2024-11-06,-0.007571696530893556,1.2523918395537654,1.3275017510433296,1.251845044255218,1.3269549557447822
1.2882,1.30091,1.2874,1.2948,1730937600,2024-11-07,0.004179249175569322,1.2576368495844696,1.333061320963939,1.2570877643102651,1.3325122356897348
1.29828,1.2985,1.28828,1.2944,1731024000,2024-11-08,-0.0003089757478619867,1.257248330322936,1.3326495009698198,1.2566994146765582,1.3321005853234418
1.29021,1.29171,1.29012,1.2913,1731196800,2024-11-10,-0.002397804451621399,1.25423730604605,1.3294578960153958,1.253689705015327,1.3289102949846727
1.29149,1.2926,1.2854,1.2886,1731283200,2024-11-11,-0.002093105148063866,1.251614801030698,1.3266781110550911,1.2510683449878033,1.3261316550121967
1.28733,1.2874,1.27188,1.2798,1731369600,2024-11-12,-0.006852541999182075,1.2430673772769574,1.317618071184468,1.2425246530462446,1.3170753469537555
1.27363,1.27681,1.2685,1.273,1731456000,2024-11-13,-0.00532749614795347,1.236462549830885,1.310617131284441,1.235922709273222,1.310077290726778
1.2707,1.27202,1.2628,1.2679,1731542400,2024-11-14,-0.004014331023504098,1.2315089292463308,1.3053664263594211,1.2309712514434548,1.3048287485565453
1.26668,1.26972,1.2595,1.2652,1731628800,2024-11-15,-0.0021317761024084937,1.2288864242309787,1.3025866413991163,1.2283498914159314,1.3020501085840688
1.26206,1.26206,1.26045,1.2617,1731801600,2024-11-17,-0.0027701944977982606,1.2254868806925592,1.298983216450573,1.2249518321209931,1.298448167879007
1.26184,1.2687,1.2612,1.2639,1731888000,2024-11-18,0.0017421607193850734,1.2276237366309943,1.3012482264182288,1.2270877551063828,1.3007122448936173
1.26784,1.2694,1.2611,1.2659,1731974400,2024-11-19,0.001581152989701982,1.2295663329386626,1.3033073263888248,1.2290295032749188,1.3027704967250813
1.26939,1.2715,1.2629,1.2667,1732060800,2024-11-20,0.0006317618468040874,1.2303433714617298,1.3041309663770633,1.229806202542333,1.3035937974576668
1.26551,1.266,1.2575,1.2629,1732147200,2024-11-21,-0.003004429837462481,1.22665243847716,1.3002186764329307,1.2261168810221146,1.2996831189778852
1.25843,1.2595,1.2485,1.2541,1732233600,2024-11-22,-0.006992479822120298,1.2181050147234194,1.2911586365623078,1.217573189080556,1.290626810919444
1.2601,1.2602,1.2528,1.2568,1732492800,2024-11-25,0.0021506241114073754,1.2207275197387717,1.2939384215226124,1.2201945491080797,1.2934054508919202
1.25318,1.26164,1.25068,1.2556,1732579200,2024-11-26,-0.0009552619736128227,1.2195619619541707,1.2927029615402548,1.219029500206958,1.292170499793042
1.25731,1.26941,1.2565,1.2625,1732665600,2024-11-27,0.0054803361817163405,1.2262639192156264,1.2998068564388114,1.2257285313884074,1.2992714686115925
1.2677,1.2696,1.2643,1.2667,1732752000,2024-11-28,0.0033212113400719295,1.2303433714617298,1.3041309663770633,1.229806202542333,1.3035937974576668
1.26945,1.275,1.2671,1.2707,1732838400,2024-11-29,0.003152836220901819,1.2342285640770665,1.3082491663182556,1.2336896988794055,1.3077103011205944
1.27219,1.27334,1.26954,1.2707,1733011200,2024-12-01,0.0,1.2342285640770665,1.3082491663182556,1.2336896988794055,1.3077103011205944
1.27009,1.27225,1.2615,1.2674,1733097600,2024-12-02,-0.0026003718210720035,1.2310232801694139,1.304851651366772,1.2304858144013209,1.3043141855986793
1.26582,1.26995,1.2636,1.2664,1733184000,2024-12-03,-0.0007893283226143329,1.2300519820155795,1.303822101381474,1.2295149403170527,1.3032850596829473
1.26736,1.27213,1.263,1.2683,1733270400,2024-12-04,0.001499191506581474,1.2318974485078644,1.3057782463535403,1.2313596010771621,1.3052403989228378
1.27006,1.2772,1.2692,1.2733,1733356800,2024-12-05,0.003934534506006056,1.2367539392770355,1.3109259962800308,1.2362139714985023,1.3103860285014979
1.2759,1.2811,1.25281,1.2753,1733443200,2024-12-06,0.0015694894534642012,1.2386965355847037,1.3129850962506269,1.2381557196670385,1.3124442803329617
1.27324,1.275,1.2732,1.2745,1733616000,2024-12-08,-0.0006275002166840888,1.2379194970616363,1.3121614562623882,1.237379020399624,1.311620979600376
1.27477,1.2799,1.2715,1.276,1733702400,2024-12-09,0.0011762400885651782,1.2393764442923876,1.3137057812403354,1.238835331526026,1.313164668473974
1.27481,1.278,1.2723,1.2752,1733788800,2024-12-10,-0.0006271558687846893,1.2385994057693201,1.3128821412520968,1.2380586322586116,1.3123413677413882
1.2779,1.27815,1.2711,1.2752,1733875200,2024-12-11,0.0,1.2385994057693201,1.3128821412520968,1.2380586322586116,1.3123413677413882
1.27649,1.27879,1.2665,1.2729,1733961600,2024-12-12,-0.0018052671595616796,1.2363654200155016,1.3105141762859114,1.235825621864795,1.309974378135205
1.26761,1.2679,1.25384,1.2643,1734048000,2024-12-13,-0.006779152558536752,1.228012255892528,1.301660046412348,1.22747610474009,1.30112389525991
1.26085,1.26268,1.26085,1.2621,1734220800,2024-12-15,-0.0017416090532671443,1.2258753999540928,1.2993950364446922,1.2253401817547003,1.2988598182452997
1.2626,1.2699,1.2622,1.2659,1734307200,2024-12-16,0.0030063313781976252,1.2295663329386626,1.3033073263888248,1.2290295032749188,1.3027704967250813
1.26899,1.27284,1.2665,1.2699,1734393600,2024-12-17,0.0031548255522050508,1.2334515255539993,1.3074255263300172,1.2329129996119912,1.3068870003880089
1.27098,1.2723,1.25598,1.2675,1734480000,2024-12-18,-0.0018917007296494189,1.2311204099847972,1.304954606365302,1.2305829018097478,1.3044170981902523
1.25675,1.26669,1.2493,1.2581,1734566400,2024-12-19,-0.007443810108253073,1.221990207338756,1.2952768365035,1.221456685417628,1.294743314582372
1.24969,1.2614,1.24512,1.2533,1734652800,2024-12-20,-0.0038225737396085932,1.2173279762003522,1.2903349965740694,1.2167964898131416,1.2898035101868586
1.25595,1.25733,1.25577,1.2568,1734825600,2024-12-22,0.0027887353239346418,1.2207275197387717,1.2939384215226124,1.2201945491080797,1.2934054508919202
1.25696,1.2588,1.2508,1.2546,1734912000,2024-12-23,-0.0017520112787685455,1.2185906638003365,1.2916734115549566,1.2180586261226898,1.29114137387731
1.25322,1.2575,1.2517,1.2539,1734998400,2024-12-24,-0.000558102466150718,1.2179107550926527,1.290952726565248,1.2173790142637024,1.2904209857362976
1.2533,1.2874,1.14068,1.2542,1735084800,2024-12-25,0.00023922491242820906,1.218202144538803,1.2912615915608374,1.2176702764889829,1.2907297235110171
1.25431,1.2549,1.25,1.2527,1735171200,2024-12-26,-0.001196697258774278,1.2167451973080516,1.2897172665828904,1.2162139653625805,1.2891860346374193
1.25272,1.25924,1.2504,1.2548,1735257600,2024-12-27,0.001674975466376784,1.2187849234311032,1.2918793215520163,1.2182528009395432,1.2913471990604566
1.25711,1.25875,1.25627,1.2581,1735430400,2024-12-29,0.002626449040562114,1.221990207338756,1.2952768365035,1.221456685417628,1.294743314582372
1.25774,1.26074,1.24934,1.2563,1735516800,2024-12-30,-0.0014317533467131062,1.2202418706618545,1.2934236465299636,1.2197091120659453,1.2928908879340546
1.25479,1.25692,1.2504,1.2539,1735603200,2024-12-31,-0.0019121988138800134,1.2179107550926527,1.290952726565248,1.2173790142637024,1.2904209857362976
1.2512,1.25196,1.25035,1.2513,1735689600,2025-01-01,-0.0020756833254828165,1.215385379892684,1.2882758966034733,1.2148547416446054,1.2877452583553948
1.25195,1.2541,1.2352,1.2437,1735776000,2025-01-02,-0.006092203211313904,1.2080035139235443,1.2804513167152078,1.2074760986041682,1.279923901395832
1.23789,1.2434,1.2377,1.2405,1735862400,2025-01-03,-0.002576283527839679,1.2048953598312748,1.277156756762254,1.2043693015345105,1.2766306984654894
1.24131,1.24335,1.24131,1.2424,1736035200,2025-01-05,0.001530468702621597,1.2067408263235597,1.2791129017343204,1.2062139622946195,1.2785860377053804
1.24242,1.25509,1.24171,1.2495,1736121600,2025-01-06,0.005698478440529802,1.2136370432157824,1.2864227066299367,1.2131071682929229,1.2858928317070772
1.25094,1.25756,1.24712,1.2521,1736208000,2025-01-07,0.002078670399894852,1.2161624184157511,1.2890995365917115,1.21563144091202,1.28856855908798
1.24756,1.24941,1.23196,1.2395,1736294400,2025-01-08,-0.01011406919965679,1.2039240616774407,1.276127206776956,1.2033984274502423,1.2756015725497578
1.23585,1.2365,1.2238,1.2304,1736380800,2025-01-09,-0.007368752723865743,1.1950852484775498,1.2667583019107433,1.1945634732834032,1.2662365267165967
1.22984,1.2322,1.21749,1.2257,1736467200,2025-01-10,-0.0038272104042600397,1.1905201471545293,1.2619194169798427,1.1900003650873434,1.2613996349126566
1.21929,1.22097,1.21929,1.2205,1736640000,2025-01-12,-0.0042514985141047954,1.1854693967545915,1.2565657570562925,1.1849518198491493,1.2560481801508505
1.22027,1.22493,1.2099,1.2152,1736726400,2025-01-13,-0.004351938551451579,1.1803215165392706,1.2511091421342129,1.179806187202529,1.2505938127974712
1.22077,1.22461,1.2138,1.2192,1736812800,2025-01-14,0.0032862336508188237,1.1842067091546074,1.2552273420754052,1.1836896835396011,1.254710316460399
1.22094,1.23062,1.2162,1.2229,1736899200,2025-01-15,0.0030301812629423344,1.1878005123237938,1.2590366770210082,1.187281917651393,1.2585180823486073
1.2242,1.2261,1.21747,1.2218,1736985600,2025-01-16,-0.0008999059796576492,1.1867320843545761,1.2579041720371802,1.186213956158698,1.257386043841302
1.22343,1.2245,1.18978,1.2194,1737072000,2025-01-17,-0.0019662467419507734,1.184400968785374,1.2554332520724647,1.1838838583564546,1.2549161416435455
1.2172,1.21748,1.216,1.2165,1737244800,2025-01-19,-0.0023810512501384958,1.181584204139255,1.2524475571151004,1.1810683235120774,1.2519316764879225
1.21743,1.23444,1.2164,1.225,1737331200,2025-01-20,0.006962960755250241,1.1898402384468454,1.261198731990134,1.1893207532283556,1.2606792467716446
1.23322,1.23601,1.2228,1.2288,1737417600,2025-01-21,0.0030972394145803096,1.1935311714314152,1.2651110219342665,1.1930100747485741,1.2645899252514257
1.23376,1.2376,1.23041,1.2335,1737504000,2025-01-22,0.0038175735760037424,1.1980962727544358,1.2699499068651676,1.197573182944634,1.269426817055366
1.23134,1.23755,1.2292,1.2326,1737590400,2025-01-23,-0.0007298974412687534,1.197222104415985,1.2690233118783991,1.1966993962687928,1.268500603731207
1.23538,1.2502,1.2347,1.2428,1737676800,2025-01-24,0.008241138990749502,1.2071293455850933,1.2795247217284396,1.206602311928327,1.278997688071673
1.24648,1.24677,1.24552,1.2461,1737849600,2025-01-26,0.0026517754299296248,1.2103346294927462,1.2829222366799231,1.2098061964064115,1.2823938035935885
1.24574,1.25229,1.24249,1.2476,1737936000,2025-01-27,0.0012030317848263517,1.2117915767234975,1.2844665616578703,1.2112625075328136,1.2839374924671865
1.24508,1.24651,1.2413,1.2439,1738022400,2025-01-28,-0.0029701005177292313,1.208197773554311,1.2806572267122673,1.2076702734210218,1.2801297265789782
1.24375,1.2463,1.2392,1.2433,1738108800,2025-01-29,-0.00048247025702705327,1.2076149946620105,1.2800394967210886,1.207087748970461,1.2795122510295391
1.2454,1.24765,1.24071,1.2447,1738195200,2025-01-30,0.0011254020480399897,1.2089748120773782,1.2814808667005058,1.2084469726884361,1.2809530273115637
1.2421,1.24719,1.2385,1.2417,1738281600,2025-01-31,-0.0024131285841353547,1.2060609176158759,1.2783922167446118,1.2055343504356322,1.2778656495643679
1.22739,1.23231,1.22739,1.2298,1738454400,2025-02-02,-0.009629853903427157,1.1945024695852493,1.2661405719195646,1.1939809488328423,1.2656190511671577
1.2289,1.2455,1.2247,1.2342,1738540800,2025-02-03,0.0035714323675971795,1.1987761814621196,1.2706705918548762,1.1982527948036217,1.2701472051963782
1.24328,1.24933,1.2378,1.2439,1738627200,2025-02-04,0.007828618328952467,1.208197773554311,1.2806572267122673,1.2076702734210218,1.2801297265789782
1.24751,1.255,1.2462,1.2507,1738713600,2025-02-05,0.005451789338941785,1.2148026010003832,1.2876581666122942,1.2142722171940443,1.2871277828059555
1.25009,1.25091,1.2359,1.2436,1738800000,2025-02-06,-0.005692995370262112,1.2079063841081608,1.280348361716678,1.2073790111957414,1.2798209888042587
1.2434,1.24918,1.23738,1.243,1738886400,2025-02-07,-0.0004825866738875829,1.2073236052158605,1.2797306317254993,1.2067964867451808,1.2792035132548194
1.23786,1.2394,1.23657,1.239,1739059200,2025-02-09,-0.0032232098815686704,1.2034384126005238,1.275612431784307,1.2029129904081084,1.2750870095918918
1.23891,1.24222,1.2353,1.2391,1739145600,2025-02-10,8.07069933048414e-05,1.203535542415907,1.2757153867828368,1.2030100778165354,1.2751899221834648
1.23594,1.24546,1.2331,1.2388,1739232000,2025-02-11,-0.00024214052339963262,1.2032441529697566,1.2754065217872472,1.2027188155912545,1.2748811844087453
1.24501,1.24836,1.23761,1.2438,1739318400,2025-02-12,0.004028040570741199,1.2081006437389277,1.2805542717137377,1.2075731860125951,1.280026813987405
1.24498,1.257,1.2441,1.2499,1739404800,2025-02-13,0.004892338426387253,1.214025562477316,1.286834526624056,1.21349551792663,1.28630448207337
1.25639,1.26302,1.2548,1.2587,1739491200,2025-02-14,0.007015894201283177,1.2225729862310566,1.2958945664946788,1.2220392098681887,1.2953607901318112
1.25795,1.25877,1.25773,1.2582,1739664000,2025-02-16,-0.00039731416153001144,1.2220873371541394,1.2953797915020298,1.2215537728260548,1.2948462271739452
1.25838,1.2635,1.25788,1.2599,1739750400,2025-02-17,0.001350224580654738,1.2237385440156576,1.2971300264770365,1.2232042587693106,1.2965957412306894
1.26203,1.2639,1.25812,1.2604,1739836800,2025-02-18,0.00039677816653555306,1.2242241930925746,1.2976448014696855,1.2236896958114445,1.2971103041885554
1.26239,1.2636,1.2562,1.2596,1739923200,2025-02-19,-0.0006349206562499105,1.2234471545695074,1.296821161481447,1.2229129965440302,1.29628700345597
1.25829,1.2674,1.2579,1.2621,1740009600,2025-02-20,0.001982790037715355,1.2258753999540928,1.2993950364446922,1.2253401817547003,1.2988598182452997
1.26686,1.26785,1.2623,1.265,1740096000,2025-02-21,0.002295121897035621,1.2286921646002118,1.3023807314020566,1.2281557165990775,1.3018442834009223
1.26404,1.26568,1.26291,1.2651,1740268800,2025-02-23,7.904825900330224e-05,1.2287892944155951,1.3024836864005864,1.2282528040075043,1.3019471959924955
1.26487,1.26904,1.26106,1.2645,1740355200,2025-02-24,-0.00047438331060401656,1.2282065155232946,1.3018659564094075,1.2276702795569436,1.3013297204430563
1.26165,1.2678,1.2604,1.2647,1740441600,2025-02-25,0.0001581527759109172,1.2284007751540615,1.3020718664064672,1.227864454373797,1.3015355456262028
1.267,1.27157,1.2634,1.2666,1740528000,2025-02-26,0.0015012051963992211,1.2302462416463464,1.3040280113785336,1.2297091151339063,1.3034908848660935
1.26798,1.2689,1.2594,1.2646,1740614400,2025-02-27,-0.001580278457817102,1.228303645338678,1.3019689114079374,1.2277673669653701,1.3014326330346297
1.2596,1.2622,1.2558,1.259,1740700800,2025-02-28,-0.004438111580165709,1.2228643756772066,1.2962034314902682,1.2223304720934691,1.2956695279065307
1.25836,1.26081,1.25758,1.2602,1740873600,2025-03-02,0.0009526834636080964,1.2240299334618079,1.297438891472626,1.2234955209945908,1.2969044790054092
1.2602,1.27247,1.2581,1.266,1740960000,2025-03-03,0.004591885196166309,1.229663462754046,1.3034102813873547,1.2291265906833457,1.3028734093166543
1.27014,1.27995,1.2677,1.2728,1741046400,2025-03-04,0.0053568743194554866,1.236268290200118,1.3104112212873815,1.2357285344563682,1.3098714655436317
1.27946,1.2901,1.2766,1.2837,1741132800,2025-03-05,0.008527335067303925,1.2468554400769107,1.3216333161271305,1.24631106197489,1.32108893802511
1.28894,1.29233,1.2865,1.2892,1741219200,2025-03-06,0.0042753378504017244,1.2521975799229983,1.3272958410462699,1.2516508694383641,1.3267491305616357
1.28825,1.29445,1.2875,1.291,1741305600,2025-03-07,0.0013952409053597657,1.2539459165998998,1.3291490310198064,1.2533984427900466,1.3286015572099532
1.2897,1.29377,1.2897,1.293,1741478400,2025-03-09,0.0015479879252149533,1.255888512907568,1.3312081309904025,1.2553401909585826,1.3306598090414172
1.29307,1.29466,1.2859,1.2906,1741564800,2025-03-10,-0.001857873270118079,1.2535573973383662,1.3287372110256872,1.2530100931563395,1.3281899068436605
1.28753,1.29657,1.2872,1.2925,1741651200,2025-03-11,0.0014711008808449288,1.2554028638306511,1.3306933559977536,1.2548547539164487,1.3301452460835512
1.2943,1.29891,1.2912,1.2946,1741737600,2025-03-12,0.001623439728825613,1.257442589953703,1.3328554109668795,1.2568935894934117,1.3323064105065883
1.29635,1.2973,1.29196,1.2949,1741824000,2025-03-13,0.0002317049633845907,1.2577339793998532,1.333164275962469,1.257184851718692,1.3326151482813078
1.2955,1.29585,1.29099,1.2935,1741910400,2025-03-14,-0.0010817494487104532,1.2563741619844855,1.3317229059830518,1.255825628000717,1.3311743719992832
1.29156,1.29351,1.29156,1.2931,1742083200,2025-03-16,-0.0003092863242779967,1.2559856427229517,1.3313110859889323,1.2554372783670096,1.3307627216329903
1.29263,1.2999,1.29263,1.2963,1742169600,2025-03-17,0.0024716163041912965,1.259093796815221,1.3346056459418862,1.2585440754366672,1.3340559245633328
1.2984,1.30097,1.295,1.2984,1742256000,2025-03-18,0.0016186845943842374,1.2611335229382727,1.3367677009110122,1.2605829110136302,1.3362170889863698
1.29996,1.3025,1.2953,1.2979,1742342400,2025-03-19,-0.00038516350666813144,1.2606478738613558,1.336252925918363,1.2600974739714963,1.3357025260285038
1.30097,1.30141,1.29348,1.2968,1742428800,2025-03-20,-0.0008478822722469801,1.259579445892138,1.3351204209345353,1.2590295124788013,1.3345704875211986
1.29644,1.29701,1.2886,1.2933,1742515200,2025-03-21,-0.002702600000267744,1.2561799023537183,1.3315169959859918,1.255631453183863,1.3309685468161367
1.28942,1.29256,1.28887,1.2916,1742688000,2025-03-23,-0.0013153315370783454,1.2545286954922006,1.3297667610109853,1.2539809672406077,1.3292190327593925
1.29247,1.2974,1.2894,1.2933,1742774400,2025-03-24,0.0013153315370782316,1.2561799023537183,1.3315169959859918,1.255631453183863,1.3309685468161367
1.29219,1.2967,1.2901,1.2937,1742860800,2025-03-25,0.0003092385026577857,1.2565684216152522,1.3319288159801113,1.2560198028175704,1.3313801971824297
1.29446,1.2946,1.2868,1.2903,1742947200,2025-03-26,-0.002631580466055932,1.253266007892216,1.3284283460300979,1.252718830931059,1.327881169068941
1.28765,1.29926,1.2876,1.2934,1743033600,2025-03-27,0.0023996605546920662,1.256277032169102,1.331619950984522,1.25572854059229,1.3310714594077102
1.29497,1.29682,1.292,1.2946,1743120000,2025-03-28,0.0009273570989173507,1.257442589953703,1.3328554109668795,1.2568935894934117,1.3323064105065883
1.2928,1.29401,1.29212,1.2931,1743292800,2025-03-30,-0.001159330809603959,1.2559856427229517,1.3313110859889323,1.2554372783670096,1.3307627216329903
1.29372,1.29727,1.2885,1.2936,1743379200,2025-03-31,0.0003865929610912532,1.2564712917998688,1.3318258609815816,1.2559227154091437,1.3312772845908565
1.29191,1.2941,1.28775,1.2916,1743465600,2025-04-01,-0.0015472693787769113,1.2545286954922006,1.3297667610109853,1.2539809672406077,1.3292190327593925
1.29213,1.30518,1.29,1.295,1743552000,2025-04-02,0.0026289352495179304,1.2578311092152366,1.3332672309609988,1.2572819391271188,1.332718060872881
1.30442,1.32066,1.3025,1.311,1743638400,2025-04-03,0.012279509630061781,1.2733718796765832,1.3497400307257679,1.2728159244754076,1.3491840755245923
1.30893,1.31132,1.28508,1.2991,1743724800,2025-04-04,-0.009118487762012682,1.2618134316459566,1.3374883859007207,1.261262522872618,1.3369374771273819
1.28402,1.2932,1.28278,1.2887,1743897600,2025-04-06,-0.008037758707341688,1.2517119308460813,1.3267810660536208,1.2511654323962302,1.3262345676037697
1.29091,1.29342,1.2707,1.2826,1743984000,2025-04-07,-0.004744690579582943,1.245787012107693,1.3205008111433025,1.2452431004821953,1.3199568995178046
1.27337,1.2814,1.2723,1.2772,1744070400,2025-04-08,-0.004219085874135599,1.2405420020769884,1.314941241222693,1.2400003804271476,1.3143996195728522
1.27861,1.2864,1.27415,1.2806,1744156800,2025-04-09,0.002658536244075,1.2438444158000246,1.3184417111727065,1.243301352313659,1.317898647686341
1.28237,1.2997,1.2821,1.2907,1744243200,2025-04-10,0.00785598875644028,1.2536545271537496,1.328840166024217,1.2531071805647662,1.3282928194352337
1.29896,1.31451,1.2984,1.3058,1744329600,2025-04-11,0.011631172911391135,1.2683211292766456,1.344386370802218,1.267767379237214,1.3438326207627862
1.30768,1.30901,1.30611,1.308,1744502400,2025-04-13,0.0016833732646109065,1.2704579852150808,1.3466513807698737,1.2699033022226036,1.3460966977773965
1.30833,1.3201,1.3082,1.3157,1744588800,2025-04-14,0.005869590354648559,1.2779369809996037,1.3545789156566688,1.2773790326714676,1.3540209673285326
1.31718,1.32519,1.3163,1.3218,1744675200,2025-04-15,0.004625600664560011,1.283861899737992,1.360859170566987,1.2833013645855025,1.3602986354144977
1.32299,1.32922,1.32105,1.3255,1744761600,2025-04-16,0.0027953026927275857,1.2874557029071783,1.3646685055125898,1.286893598697294,1.3641064013027058
1.32324,1.32732,1.3202,1.3238,1744848000,2025-04-17,-0.0012833580442577147,1.2858044960456605,1.3629182705375833,1.2852431127540387,1.3623568872459615
1.32708,1.332,1.32708,1.3303,1745107200,2025-04-20,0.004898092005037481,1.2921179340455824,1.3696103454420205,1.291553794301781,1.369046205698219
1.33139,1.3422,1.33139,1.3385,1745193600,2025-04-21,0.006145103270547115,1.3000825789070225,1.3780526553214647,1.299514961792779,1.377485038207221
1.3379,1.34228,1.32329,1.337,1745280000,2025-04-22,-0.0011212858584640716,1.2986256316762712,1.3765083303435175,1.298058650666377,1.375941349333623
1.32712,1.33388,1.32455,1.3293,1745366400,2025-04-23,-0.005775810228389668,1.2911466358917483,1.3685807954567224,1.290582920217513,1.3680170797824869
1.32649,1.3349,1.3258,1.3302,1745452800,2025-04-24,0.0006768189767673056,1.292020804230199,1.3695073904434907,1.2914567068933542,1.3689432931066459
1.33259,1.3333,1.3273,1.3308,1745539200,2025-04-25,0.00045095829400090896,1.2926035831224996,1.3701251204346696,1.292039231343915,1.369560768656085
1.3307,1.3312,1.3286,1.33,1745712000,2025-04-27,-0.0006013229285221701,1.2918265445994321,1.3693014804464312,1.2912625320765005,1.3687374679234996
1.32896,1.34433,1.3279,1.3356,1745798400,2025-04-28,0.004201686853699977,1.2972658142609033,1.3750669603641001,1.2966994269484013,1.3745005730515985
1.34337,1.34419,1.3379,1.3407,1745884800,2025-04-29,0.003811236538016204,1.3022194348454577,1.3803176652891205,1.3016508847781685,1.3797491152218315
1.34116,1.34141,1.3308,1.3359,1745971200,2025-04-30,-0.0035866436117490395,1.2975572037070537,1.3753758253596897,1.2969906891736822,1.374809310826318
1.33206,1.33453,1.3259,1.3301,1746057600,2025-05-01,-0.004351094636515898,1.2919236744148157,1.369404435444961,1.2913596194849273,1.3688403805150728
1.32853,1.33308,1.32595,1.3297,1746144000,2025-05-02,-0.00030077449659031695,1.291535155153282,1.3689926154508418,1.2909712698512203,1.3684287301487799
1.3261,1.3276,1.32576,1.3268,1746316800,2025-05-04,-0.0021833247897629308,1.2887183905071629,1.3660069204934773,1.2881557350068427,1.3654442649931573
1.32691,1.33363,1.326,1.3297,1746403200,2025-05-05,0.0021833247897628935,1.291535155153282,1.3689926154508418,1.2909712698512203,1.3684287301487799
1.329,1.34027,1.32595,1.3341,1746489600,2025-05-06,0.0033035543221001493,1.2958088670301522,1.3735226353861534,1.2952431158219995,1.3729568841780007
1.33515,1.33772,1.3278,1.3342,1746576000,2025-05-07,7.495409065461449e-05,1.2959059968455358,1.373625590384683,1.2953402032304264,1.3730597967695737
1.32905,1.33562,1.3232,1.3297,1746662400,2025-05-08,-0.003378508412754872,1.291535155153282,1.3689926154508418,1.2909712698512203,1.3684287301487799
1.32386,1.33227,1.3211,1.3271,1746748800,2025-05-09,-0.0019572424194567208,1.2890097799533131,1.3663157854890666,1.288446997232123,1.3657530027678768
1.32585,1.3295,1.32568,1.3287,1746921600,2025-05-11,0.0012049101540586617,1.2905638569994478,1.3679630654655437,1.2900003957669521,1.3673996042330478
1.32845,1.32996,1.3138,1.3208,1747008000,2025-05-12,-0.0059634069913439185,1.282890601584158,1.3598296205816889,1.2823304905012345,1.3592695094987655
1.31769,1.33157,1.3172,1.3231,1747094400,2025-05-13,0.0017398544424470374,1.2851245873379764,1.3621975855478743,1.2845635008950511,1.3616364991049488
1.33032,1.33603,1.3252,1.331,1747180800,2025-05-14,0.005953071346746395,1.2927978427532663,1.370331030431729,1.2922334061607685,1.3697665938392314
1.32629,1.33201,1.3258,1.3287,1747267200,2025-05-15,-0.0017295187978494187,1.2905638569994478,1.3679630654655437,1.2900003957669521,1.3673996042330478
1.33026,1.33326,1.3249,1.3293,1747353600,2025-05-16,0.0004514672762912255,1.2911466358917483,1.3685807954567224,1.290582920217513,1.3680170797824869
1.32992,1.3305,1.3293,1.33,1747526400,2025-05-18,0.0005264543422460413,1.2918265445994321,1.3693014804464312,1.2912625320765005,1.3687374679234996
1.33046,1.34038,1.32897,1.335,1747612800,2025-05-19,0.003752349618550372,1.296683035368603,1.3744492303729214,1.2961169024978407,1.3738830975021592
1.33583,1.3398,1.33336,1.3368,1747699200,2025-05-20,0.001347406446834154,1.2984313720455045,1.376302420346458,1.2978644758495232,1.3757355241504767
1.3397,1.34686,1.3387,1.3425,1747785600,2025-05-21,0.004254849101835786,1.3039677715223592,1.382170855262657,1.303398458129851,1.381601541870149
1.34205,1.3441,1.33899,1.3419,1747872000,2025-05-22,-0.00044702727610759123,1.3033849926300587,1.3815531252714783,1.3028159336792902,1.38098406632071
1.34191,1.354,1.3417,1.3489,1747958400,2025-05-23,0.0052029253687218965,1.3101840797068978,1.3887599751685646,1.3096120522691665,1.3881879477308334
1.35275,1.35416,1.35195,1.3534,1748131200,2025-05-25,0.0033304993224910593,1.3145549213991514,1.3933929501024058,1.3139809856483726,1.3928190143516272
1.35373,1.3593,1.3534,1.3568,1748217600,2025-05-26,0.0025090412395136173,1.3178573351221876,1.3968934200524195,1.3172819575348842,1.3963180424651158
1.35654,1.3587,1.3499,1.3541,1748304000,2025-05-27,-0.0019919590488601565,1.3152348301068355,1.3941136350921146,1.3146605975073604,1.3935394024926397
1.35134,1.3522,1.34144,1.3481,1748390400,2025-05-28,-0.004440833291760011,1.3094070411838306,1.3879363351803262,1.3088353530017522,1.387364646998248
1.34276,1.35075,1.3418,1.3471,1748476800,2025-05-29,-0.0007420599924962052,1.3084357430299962,1.386906785195028,1.307864478917484,1.386335521082516
1.34982,1.3511,1.34467,1.3475,1748563200,2025-05-30,0.00029689007862988544,1.3088242622915298,1.3873186051891473,1.3082528285511912,1.3867471714488087
1.34617,1.3474,1.34512,1.3464,1748736000,2025-06-01,-0.0008166599065558668,1.3077558343223123,1.3861861002053195,1.3071848670584965,1.3856151329415036
1.34675,1.356,1.3467,1.3529,1748822400,2025-06-02,0.004816072732718225,1.3140692723222345,1.392878175109757,1.3134955486062387,1.3923044513937612
1.35563,1.3558,1.3491,1.3519,1748908800,2025-06-03,-0.00073942623895486,1.3130979741684004,1.3918486251244588,1.312524674521971,1.3912753254780292
1.35297,1.3581,1.35,1.354,1748995200,2025-06-04,0.0015521641018605144,1.3151377002914522,1.394010680093585,1.3145635100989337,1.3934364899010665
1.35504,1.3617,1.3539,1.3574,1749081600,2025-06-05,0.0025079307974376123,1.3184401140144881,1.3975111500435982,1.317864481985445,1.3969355180145548
1.35778,1.3585,1.3506,1.3541,1749168000,2025-06-06,-0.0024340782808795294,1.3152348301068355,1.3941136350921146,1.3146605975073604,1.3935394024926397
1.35205,1.354,1.35192,1.3534,1749340800,2025-06-08,-0.00051708219065335,1.3145549213991514,1.3933929501024058,1.3139809856483726,1.3928190143516272
1.35362,1.36613,1.34033,1.3554,1749427200,2025-06-09,0.0014766689038873816,1.3164975177068197,1.395452050073002,1.3159227338169086,1.3948772661830913
1.35542,1.3564,1.34545,1.3511,1749513600,2025-06-10,-0.003177538236099143,1.312320935645333,1.3910249851362204,1.3117479752545562,1.3904520247454437
1.35067,1.3573,1.3463,1.3515,1749600000,2025-06-11,0.000296011250588867,1.3127094549068665,1.3914368051303396,1.3121363248882634,1.3908636751117365
1.35676,1.36295,1.35228,1.3583,1749686400,2025-06-12,0.0050188311119427655,1.319314282352939,1.3984377450303664,1.3187382686612863,1.3978617313387138
1.36274,1.36324,1.35156,1.3557,1749772800,2025-06-13,-0.0019159917431015108,1.31678890715297,1.3957609150685915,1.316213996042189,1.3951860039578108
1.3561,1.3561,1.3561,1.3561,1749945600,2025-06-15,0.0002950070085559642,1.3171774264145037,1.396172735062711,1.3166023456758964,1.3955976543241038
1.3547,1.3623,1.3533,1.358,1750032000,2025-06-16,0.0014000960247418444,1.3190228929067886,1.398128880034777,1.3184470064360059,1.3975529935639943
1.35675,1.35792,1.3399,1.3525,1750118400,2025-06-17,-0.0040582973980049465,1.3136807530607009,1.3924663551156378,1.3131071989725316,1.3918928010274685
1.34282,1.34767,1.3399,1.3445,1750204800,2025-06-18,-0.00593253501171728,1.3059103678300275,1.384229955233253,1.3053402062983872,1.3836597937016129
1.34136,1.34792,1.3382,1.3424,1750291200,2025-06-19,-0.0015631399959775928,1.3038706417069759,1.3820679002641272,1.3033013707214245,1.3814986292785756
1.34755,1.3512,1.344,1.3481,1750377600,2025-06-20,0.004237136984076599,1.3094070411838306,1.3879363351803262,1.3088353530017522,1.387364646998248
1.33967,1.3441,1.33967,1.3428,1750550400,2025-06-22,-0.003939207591138627,1.3042591609685095,1.3824797202582464,1.3036897203551314,1.3819102796448686
1.34342,1.35548,1.3369,1.345,1750636800,2025-06-23,0.0016370269300595615,1.3063960169069446,1.3847447302259022,1.3058256433405213,1.3841743566594786
1.35449,1.36485,1.35347,1.3597,1750723200,2025-06-24,0.01087007412570083,1.3206740997683066,1.3998791150097836,1.3200974923792614,1.3993025076207384
1.36144,1.3692,1.3472,1.3626,1750809600,2025-06-25,0.00213055217792747,1.3234908644144259,1.4028648099671481,1.322913027223639,1.4022869727763612
1.36899,1.3771,1.3676,1.3727,1750896000,2025-06-26,0.0073849639180460355,1.3333009757681509,1.4132632648186587,1.332718855474746,1.412681144525254
1.3725,1.37523,1.3681,1.3724,1750982400,2025-06-27,-0.00021857127331923167,1.3330095863220006,1.4129543998230694,1.3324275932494656,1.4123724067505345
1.36965,1.37277,1.36965,1.3721,1751155200,2025-06-29,-0.00021861905716508685,1.3327181968758504,1.41264553482748,1.3321363310241852,1.412063668975815
1.37174,1.37403,1.36729,1.371,1751241600,2025-06-30,-0.0008020123648151528,1.3316497689066327,1.411513029843652,1.3310683695314904,1.4109316304685096
1.37298,1.3789,1.37024,1.3743,1751328000,2025-07-01,0.002404109998491839,1.3348550528142855,1.4149105447951356,1.334272254009575,1.414327745990425
1.3745,1.3753,1.35612,1.3667,1751414400,2025-07-02,-0.005545435590051357,1.327473186845146,1.4070859649068703,1.3268936109691378,1.4065063890308622
1.3649,1.3676,1.3585,1.3646,1751500800,2025-07-03,-0.0015377295894314963,1.3254334607220941,1.4049239099377444,1.3248547753921749,1.4043452246078252
1.36654,1.36824,1.35966,1.3655,1751587200,2025-07-04,0.0006593165324363294,1.3263076290605447,1.4058505049245125,1.325728562068016,1.405271437931984
1.36373,1.36545,1.36373,1.365,1751760000,2025-07-06,-0.00036623329469959176,1.3258219799836277,1.4053357299318636,1.325243125025882,1.404756874974118
1.36511,1.3658,1.3574,1.3615,1751846400,2025-07-07,-0.0025673955052458097,1.3224224364452082,1.4017323049833201,1.321845065730944,1.401154934269056
1.36232,1.3647,1.35256,1.3594,1751932800,2025-07-08,-0.0015436072012764176,1.3203827103221564,1.3995702500141942,1.319806230153981,1.3989937698460189
1.35845,1.36197,1.3563,1.3589,1752019200,2025-07-09,-0.00036787698608599416,1.3198970612452394,1.3990554750215454,1.3193207931118471,1.3984792068881529
1.35971,1.36195,1.35329,1.3583,1752105600,2025-07-10,-0.0004416310980066702,1.319314282352939,1.3984377450303664,1.3187382686612863,1.3978617313387138
1.35795,1.35813,1.348,1.3526,1752192000,2025-07-11,-0.004205251687605543,1.3137778828760842,1.3925693101141674,1.3132042863809583,1.3919957136190417
1.34884,1.3495,1.34806,1.3488,1752364800,2025-07-13,-0.002813357893248582,1.3100869498915144,1.3886570201700348,1.3095149648607398,1.3880850351392602
1.34945,1.3504,1.34169,1.3465,1752451200,2025-07-14,-0.0017066749959374122,1.307852964137696,1.3862890552038494,1.3072819544669234,1.3857180455330766
1.34272,1.3467,1.33732,1.342,1752537600,2025-07-15,-0.003347594720026404,1.3034821224454423,1.381656080270008,1.3029130210877171,1.381086978912283
1.33932,1.34847,1.3364,1.3406,1752624000,2025-07-16,-0.0010437636077698475,1.3021223050300743,1.3802147102905906,1.301553797369742,1.379646202630258
1.34095,1.34341,1.33739,1.34,1752710400,2025-07-17,-0.00044766097890025817,1.3015395261377738,1.379596980299412,1.3009712729191811,1.379028727080819
1.3431,1.34753,1.34015,1.3437,1752796800,2025-07-18,0.0027573889364069294,1.30513332930696,1.3834063152450145,1.3045635070309727,1.382836492969027
1.34171,1.3421,1.34073,1.3413,1752969600,2025-07-20,-0.001787709973319426,1.3028022137377582,1.3809353952802992,1.3022334092287293,1.3803665907712706
1.34144,1.35106,1.34,1.3462,1753056000,2025-07-21,0.003646515668568101,1.3075615746915457,1.3859801902082598,1.306990692241643,1.3854093077583571
1.3487,1.3534,1.34604,1.3494,1753142400,2025-07-22,0.0023742406167121376,1.3106697287838147,1.3892747501612135,1.3100974893113007,1.3887025106886992
1.3519,1.3587,1.35138,1.3546,1753228800,2025-07-23,0.003846158587478315,1.3157204791837525,1.3946284100847637,1.3151460345494943,1.3940539654505057
1.35781,1.35882,1.34992,1.3545,1753315200,2025-07-24,-7.382525565349672e-05,1.315623349368369,1.3945254550862338,1.3150489471410678,1.3939510528589323
1.35086,1.35119,1.3415,1.3457,1753401600,2025-07-25,-0.0065180587776542025,1.3070759256146283,1.3854654152156107,1.3065052551995087,1.3848947448004911
1.34288,1.34454,1.34245,1.3436,1753574400,2025-07-27,-0.0015617450093580482,1.3050361994915767,1.3833033602464848,1.3044664196225457,1.382733580377454
1.34371,1.3453,1.33446,1.3411,1753660800,2025-07-28,-0.0018624060212431245,1.3026079541069913,1.3807294852832397,1.3020392344118759,1.380160765588124
1.33588,1.33641,1.33069,1.3339,1753747200,2025-07-29,-0.00538319056989602,1.2956146073993855,1.3733167253890937,1.295048941005146,1.3727510589948542
1.33528,1.33854,1.3226,1.3317,1753833600,2025-07-30,-0.0016506606388991504,1.2934777514609503,1.3710517154214379,1.2929130180197563,1.3704869819802439
1.32551,1.32822,1.3185,1.3232,1753920000,2025-07-31,-0.006403276238672486,1.2852217171533598,1.3623005405464041,1.2846605883034776,1.3617394116965222
1.32069,1.33103,1.314,1.3228,1754006400,2025-08-01,-0.00030234316178913786,1.2848331978918262,1.361888720552285,1.2842722386697707,1.3613277613302293
1.32705,1.3292,1.32705,1.328,1754179200,2025-08-03,0.003923348928741498,1.289883948291764,1.3672423804758351,1.2893207839079643,1.3666792160920358
1.32914,1.3331,1.325,1.3287,1754265600,2025-08-04,0.0005269695608829249,1.2905638569994478,1.3679630654655437,1.2900003957669521,1.3673996042330478
1.32976,1.33164,1.3259,1.3288,1754352000,2025-08-05,7.525870182282939e-05,1.290660986814831,1.3680660204640733,1.2900974831753789,1.367502516824621
1.32972,1.33681,1.3281,1.3326,1754438400,2025-08-06,0.0028556418293517426,1.294351919799401,1.3719783104082062,1.2937868046955974,1.3714131953044026
1.3357,1.34521,1.3344,1.3399,1754524800,2025-08-07,0.0054630631661257015,1.3014423963223904,1.379494025300882,1.3008741855107542,1.378925814489246
1.34508,1.34586,1.3417,1.3441,1754611200,2025-08-08,0.003129659782540315,1.3055218485684938,1.3838181352391339,1.30495185666468,1.38324814333532
1.34385,1.34495,1.34368,1.3444,1754784000,2025-08-10,0.00022317277384796747,1.305813238014644,1.3841270002347235,1.3052431188899605,1.3835568811100396
1.3443,1.34763,1.33979,1.3437,1754870400,2025-08-11,-0.0005208139695865923,1.30513332930696,1.3834063152450145,1.3045635070309727,1.382836492969027
1.3433,1.3524,1.3419,1.3472,1754956800,2025-08-12,0.0026013616066983157,1.3085328728453796,1.387009740193558,1.3079615663259108,1.3864384336740891
1.35039,1.3585,1.3492,1.3554,1755043200,2025-08-13,0.006068249213950394,1.3164975177068197,1.395452050073002,1.3159227338169086,1.3948772661830913
1.35848,1.35949,1.3519,1.356,1755129600,2025-08-14,0.0004425757983283666,1.3170802965991204,1.396069780064181,1.31650525826747,1.3954947417325303
1.3529,1.35751,1.3526,1.3555,1755216000,2025-08-15,-0.00036879956162082044,1.3165946475222032,1.3955550050715317,1.3160198212253356,1.3949801787746643
1.35455,1.35631,1.35455,1.3558,1755388800,2025-08-17,0.00022129605814506141,1.3168860369683533,1.395863870067121,1.316311083450616,1.3952889165493838
1.35557,1.3565,1.3498,1.3535,1755475200,2025-08-18,-0.0016978559425092873,1.3146520512145348,1.3934959051009357,1.3140780730567996,1.3929219269432003
1.35075,1.35314,1.3476,1.3504,1755561600,2025-08-19,-0.0022929852126631262,1.311641026937649,1.3903043001465119,1.3110683633955686,1.3897316366044314
1.34845,1.35095,1.3446,1.3477,1755648000,2025-08-20,-0.002001409066579204,1.3090185219222967,1.3875245151862068,1.3084470033680449,1.386952996631955
1.34646,1.34826,1.34019,1.3443,1755734400,2025-08-21,-0.0025260043149063637,1.3057161081992608,1.3840240452361936,1.3051460314815335,1.3834539685184666
1.34166,1.35442,1.33899,1.3458,1755820800,2025-08-22,0.0011152002940105837,1.307173055430012,1.3855683702141408,1.3066023426079356,1.3849976573920646
1.35105,1.35246,1.3507,1.3514,1755993600,2025-08-24,0.004152460363856354,1.3126123250914832,1.3913338501318098,1.3120392374798366,1.3907607625201632
1.35081,1.35269,1.34425,1.3494,1756080000,2025-08-25,-0.0014810429247491866,1.3106697287838147,1.3892747501612135,1.3100974893113007,1.3887025106886992
1.34539,1.34934,1.34331,1.3472,1756166400,2025-08-26,-0.0016316847052626742,1.3085328728453796,1.387009740193558,1.3079615663259108,1.3864384336740891
1.3476,1.35053,1.3416,1.3461,1756252800,2025-08-27,-0.000816841838014813,1.307464444876162,1.3858772352097302,1.306893604833216,1.385306395166784
1.35034,1.35308,1.3482,1.3509,1756339200,2025-08-28,0.003559514325588222,1.312126676014566,1.3908190751391607,1.3115538004377028,1.3902461995622972
1.35077,1.35166,1.3445,1.3487,1756425600,2025-08-29,-0.0016298714528237372,1.3099898200761309,1.388554065171505,1.3094178774523129,1.3879821225476872
1.34903,1.35073,1.34903,1.3503,1756598400,2025-08-31,0.0011856244441847197,1.3115438971222657,1.390201345147982,1.310971275987142,1.3896287240128582
1.35029,1.3551,1.3501,1.353,1756684800,2025-09-01,0.0019975592037911744,1.3141664021376178,1.3929811301082866,1.3135926360146657,1.3924073639853343
1.35461,1.35479,1.3338,1.3422,1756771200,2025-09-02,-0.00801429044664907,1.303676382076209,1.3818619902670677,1.3031071959045706,1.3812928040954295
1.3381,1.34581,1.33321,1.3409,1756857600,2025-09-03,-0.0009690284385425571,1.3024136944762246,1.38052357528618,1.3018450595950224,1.3799549404049776
1.34407,1.34593,1.3415,1.3434,1756944000,2025-09-04,0.0018626835471676226,1.3048419398608098,1.383097450249425,1.3042722448056923,1.3825277551943076
1.34435,1.35545,1.344,1.3495,1757030400,2025-09-05,0.0045304396252952685,1.3107668585991983,1.3893777051597433,1.3101945767197274,1.3888054232802725
1.34969,1.35028,1.34813,1.3489,1757203200,2025-09-07,-0.0004447079824253353,1.3101840797068978,1.3887599751685646,1.3096120522691665,1.3881879477308334
1.34924,1.3558,1.34826,1.3524,1757289600,2025-09-08,0.0025913463580968894,1.3135836232453173,1.392363400117108,1.3130101115641049,1.3917898884358952
1.35526,1.35906,1.35117,1.3554,1757376000,2025-09-09,0.0022158218682815597,1.3164975177068197,1.395452050073002,1.3159227338169086,1.3948772661830913
1.35198,1.35641,1.35112,1.3536,1757462400,2025-09-10,-0.001328903850053752,1.3147491810299183,1.3935988600994655,1.3141751604652263,1.3930248395347735
1.35326,1.3583,1.34886,1.354,1757548800,2025-09-11,0.0002954646202615398,1.3151377002914522,1.394010680093585,1.3145635100989337,1.3934364899010665
1.35726,1.35752,1.3523,1.3554,1757635200,2025-09-12,0.0010334392297921115,1.3164975177068197,1.395452050073002,1.3159227338169086,1.3948772661830913
1.35506,1.35608,1.3547,1.3555,1757808000,2025-09-14,7.377623670753177e-05,1.3165946475222032,1.3955550050715317,1.3160198212253356,1.3949801787746643
1.35524,1.36201,1.3547,1.3591,1757894400,2025-09-15,0.002652326022581446,1.3200913208760061,1.3992613850186049,1.3195149679287006,1.3986850320712994
1.36009,1.36719,1.3597,1.3639,1757980800,2025-09-16,0.0035255269715276714,1.32475355201441,1.4042032249480356,1.324175163533187,1.4036248364668127
1.36525,1.37264,1.36155,1.3651,1758067200,2025-09-17,0.0008794430761025657,1.325919109799011,1.4054386849303933,1.325340212434309,1.404859787565691
1.36288,1.36606,1.35339,1.3593,1758153600,2025-09-18,-0.004257824667729881,1.320285580506773,1.3994672950156646,1.319709142745554,1.3988908572544458
1.35547,1.35593,1.3462,1.35,1758240000,2025-09-19,-0.00686526890872702,1.3112525076761155,1.3898924801523926,1.3106800137618615,1.3893199862381387
1.34628,1.34724,1.34603,1.3468,1758412800,2025-09-21,-0.0023731841455558096,1.308144353583846,1.3865979201994387,1.3075732166922036,1.3860267833077964
1.34618,1.35205,1.3452,1.3493,1758499200,2025-09-22,0.0018545311498220662,1.3105725989684314,1.3891717951626839,1.3100004019028737,1.3885995980971262
1.35138,1.35365,1.3486,1.3515,1758585600,2025-09-23,0.0016291472797607392,1.3127094549068665,1.3914368051303396,1.3121363248882634,1.3908636751117365
1.35238,1.35258,1.3426,1.3469,1758672000,2025-09-24,-0.0034094311117330444,1.3082414833992295,1.3867008751979684,1.3076703041006306,1.3861296958993694
1.34485,1.34671,1.33228,1.3401,1758758400,2025-09-25,-0.00506141757858638,1.3016366559531571,1.3796999352979418,1.3010683603276076,1.3791316396723925
1.33349,1.3413,1.33287,1.3374,1758844800,2025-09-26,-0.002016807406304646,1.2990141509378048,1.3769201503376367,1.2984470003000839,1.376352999699916
1.33875,1.3412,1.33875,1.3406,1759017600,2025-09-28,0.0023898443039791057,1.3021223050300743,1.3802147102905906,1.301553797369742,1.379646202630258
1.34071,1.34565,1.3406,1.3434,1759104000,2025-09-29,0.0020864389089067523,1.3048419398608098,1.383097450249425,1.3042722448056923,1.3825277551943076
1.34346,1.3467,1.34124,1.3442,1759190400,2025-09-30,0.0005953267031013937,1.3056189783838772,1.3839210902376637,1.3050489440731068,1.3833510559268933
1.34417,1.35276,1.3433,1.3477,1759276800,2025-10-01,0.002600395239247891,1.3090185219222967,1.3875245151862068,1.3084470033680449,1.386952996631955
1.34781,1.35102,1.34,1.3461,1759363200,2025-10-02,-0.0011879131250660722,1.307464444876162,1.3858772352097302,1.306893604833216,1.385306395166784
1.34459,1.34862,1.3428,1.3457,1759449600,2025-10-03,-0.00029719890255173505,1.3070759256146283,1.3854654152156107,1.3065052551995087,1.3848947448004911
1.3432,1.34443,1.34216,1.3431,1759622400,2025-10-05,-0.001933948832466169,1.3045505504146595,1.3827885852538357,1.3039809825804118,1.382219017419588
1.34324,1.349,1.3414,1.3451,1759708800,2025-10-06,0.0014879847995064146,1.306493146722328,1.384847685224432,1.3059227307489478,1.384277269251052
1.34838,1.34843,1.33914,1.3438,1759795200,2025-10-07,-0.000966938228486169,1.3052304591223436,1.3835092702435445,1.3046605944393996,1.3829394055606006
1.34197,1.34385,1.3369,1.3404,1759881600,2025-10-08,-0.002533344622894271,1.3019280453993074,1.3800088002935311,1.301359622552888,1.379440377447112
1.33999,1.3419,1.3278,1.3352,1759968000,2025-10-09,-0.0038869835155300354,1.2968772949993697,1.374655140369981,1.2963110773146944,1.3740889226853055
1.33025,1.33708,1.32612,1.3311,1760054400,2025-10-10,-0.0030754252946518113,1.2928949725686496,1.370433985430259,1.2923304935691953,1.3698695064308046
1.33259,1.33537,1.33259,1.3341,1760227200,2025-10-12,0.0022512391317871332,1.2958088670301522,1.3735226353861534,1.2952431158219995,1.3729568841780007
1.3335,1.33661,1.3305,1.3338,1760313600,2025-10-13,-0.00022489598655453042,1.2955174775840022,1.3732137703905638,1.2949518535967193,1.372648146403281
1.33313,1.3353,1.3248,1.33,1760400000,2025-10-14,-0.0028530689824065106,1.2918265445994321,1.3693014804464312,1.2912625320765005,1.3687374679234996
1.33207,1.34078,1.33194,1.3362,1760486400,2025-10-15,0.004650822275577513,1.297848593153204,1.3756846903552793,1.2972819513989624,1.3751180486010377
1.34031,1.34545,1.3398,1.3429,1760572800,2025-10-16,0.005001690095752567,1.3043562907838928,1.3825826752567763,1.3037868077635584,1.3820131922364416
1.34435,1.3472,1.3389,1.3429,1760659200,2025-10-17,0.0,1.3043562907838928,1.3825826752567763,1.3037868077635584,1.3820131922364416
1.34235,1.3431,1.34209,1.3427,1760832000,2025-10-19,-0.00014894250846713528,1.304162031153126,1.3823767652597165,1.3035926329467047,1.3818073670532953
1.34247,1.3443,1.3398,1.342,1760918400,2025-10-20,-0.0005214735470352568,1.3034821224454423,1.381656080270008,1.3029130210877171,1.381086978912283
1.34039,1.3417,1.33588,1.3382,1761004800,2025-10-21,-0.002835611182910579,1.2997911894608722,1.3777437903258754,1.2992236995674986,1.3771763004325015
1.33648,1.33867,1.33045,1.3346,1761091200,2025-10-22,-0.0026938058792104853,1.2962945161070694,1.3740374103788022,1.2957285528641336,1.3734714471358664
1.33503,1.33572,1.33068,1.3335,1761177600,2025-10-23,-0.000824556847437308,1.2952260881378517,1.3729049053949742,1.2946605913714386,1.3723394086285612
1.33262,1.3373,1.32866,1.3318,1761264000,2025-10-24,-0.0012756539455468113,1.2935748812763337,1.3711546704199677,1.293010105428183,1.3705898945718171
1.33188,1.33268,1.33162,1.3321,1761436800,2025-10-26,0.00022523368089507576,1.293866270722484,1.371463535415557,1.2933013676534635,1.3708986323465366
1.3321,1.33531,1.3309,1.3331,1761523200,2025-10-27,0.0007504127622140747,1.294837568876318,1.372493085400855,1.2942722417377315,1.3719277582622684
1.3338,1.337,1.32467,1.3307,1761609600,2025-10-28,-0.001801937569934527,1.292506453307116,1.3700221654361397,1.2919421439354881,1.3694578560645119
1.32778,1.32801,1.31393,1.3218,1761696000,2025-10-29,-0.006710675513344297,1.283861899737992,1.360859170566987,1.2833013645855025,1.3602986354144977
1.3193,1.3219,1.31155,1.3176,1761782400,2025-10-30,-0.003182544172921872,1.2797824474918886,1.3565350606287352,1.2792236934315768,1.3559763065684234
1.31582,1.3165,1.3095,1.3134,1761868800,2025-10-31,-0.0031927051065585186,1.275702995245785,1.3522109506904831,1.2751460222776507,1.351653977722349
1.31265,1.31417,1.31265,1.3136,1762041600,2025-11-02,0.00015226494129158357,1.2758972548765521,1.3524168606875429,1.2753401970945046,1.3518598029054956
1.31336,1.31624,1.31075,1.3135,1762128000,2025-11-03,-7.612957256933192e-05,1.2758001250611684,1.3523139056890128,1.2752431096860777,1.351756890313922
1.3134,1.31392,1.3009,1.3073,1762214400,2025-11-04,-0.00473138855778021,1.2697780765073967,1.3459306957801649,1.2692236903636158,1.345376309636384
1.30205,1.3055,1.3009,1.3033,1762300800,2025-11-05,-0.003064432031140243,1.26589288389206,1.3418124958389726,1.2653401940265436,1.3412598059734562
1.30516,1.31425,1.3049,1.3093,1762387200,2025-11-06,0.004593133697033565,1.271720672815065,1.347989795750761,1.2711654385321518,1.347434561467848
1.31397,1.3175,1.3093,1.3136,1762473600,2025-11-07,0.003278816464456348,1.2758972548765521,1.3524168606875429,1.2753401970945046,1.3518598029054956
1.31429,1.31594,1.31382,1.3145,1762646400,2025-11-09,0.0006849054717721434,1.2767714232150027,1.3533434556743111,1.276213983770346,1.352786016229654
1.31408,1.31912,1.31359,1.3165,1762732800,2025-11-10,0.001520334766428175,1.278714019522671,1.3554025556449072,1.2781557319388819,1.3548442680611181
1.31714,1.31847,1.31155,1.3157,1762819200,2025-11-11,-0.0006078565645714658,1.2779369809996037,1.3545789156566688,1.2773790326714676,1.3540209673285326
1.31517,1.31554,1.3083,1.3127,1762905600,2025-11-12,-0.002282758562430933,1.2750230865381011,1.3514902657007746,1.2744664104186634,1.3509335895813366
1.3127,1.32158,1.31,1.3162,1762992000,2025-11-13,0.002662712212657044,1.2784226300765207,1.3550936906493178,1.2778644697136015,1.3545355302863986
1.31523,1.32004,1.3107,1.3152,1763078400,2025-11-14,-0.0007600517201033235,1.2774513319226866,1.3540641406640197,1.2768935956293332,1.3535064043706666
1.3149,1.3171,1.3149,1.3163,1763251200,2025-11-16,0.0008360251294465464,1.2785197598919043,1.3551966456478477,1.2779615571220284,1.3546384428779716
1.31585,1.31931,1.3134,1.3164,1763337600,2025-11-17,7.59676378229279e-05,1.2786168897072876,1.3552996006463773,1.2780586445304551,1.3547413554695449
1.31548,1.3177,1.31328,1.3152,1763424000,2025-11-18,-0.000911992767269462,1.2774513319226866,1.3540641406640197,1.2768935956293332,1.3535064043706666
1.31465,1.31547,1.3042,1.3107,1763510400,2025-11-19,-0.003427399676415569,1.273080490230433,1.3494311657301783,1.2725246622501274,1.3488753377498726
1.30596,1.31237,1.3037,1.3074,1763596800,2025-11-20,-0.002520913446870796,1.26987520632278,1.3460336507786947,1.2693207777720426,1.3454792222279572
1.30829,1.31095,1.3037,1.3084,1763683200,2025-11-21,0.0007645844855997925,1.2708465044766144,1.3470632007639929,1.2702916518563108,1.3465083481436892
1.30948,1.30993,1.30918,1.3096,1763856000,2025-11-23,0.0009167303926964734,1.2720120622612154,1.3482986607463505,1.2714567007574327,1.3477432992425675
1.30953,1.3118,1.3078,1.3099,1763942400,2025-11-24,0.00022905134667815038,1.2723034517073657,1.34860752574194,1.2717479629827129,1.3480520370172873
1.31054,1.32142,1.3093,1.3145,1764028800,2025-11-25,0.0035055667663325654,1.2767714232150027,1.3533434556743111,1.276213983770346,1.352786016229654
1.31582,1.32485,1.31233,1.3195,1764115200,2025-11-26,0.003796511773442817,1.2816279139841733,1.3584912056008014,1.2810683541916859,1.357931645808314
1.3244,1.32682,1.3209,1.3239,1764201600,2025-11-27,0.0033290490002326444,1.2859016258610438,1.363021225536113,1.2853402001624654,1.3624597998375347
1.32398,1.32547,1.31988,1.3224,1764288000,2025-11-28,-0.001133658436796875,1.2844446786302925,1.3614769005581657,1.2838838890360633,1.3609161109639367
1.32231,1.32483,1.32211,1.3238,1764460800,2025-11-30,0.0010581211780080117,1.2858044960456605,1.3629182705375833,1.2852431127540387,1.3623568872459615
1.32386,1.32751,1.3203,1.3232,1764547200,2025-12-01,-0.0004533434153956877,1.2852217171533598,1.3623005405464041,1.2846605883034776,1.3617394116965222
1.32084,1.3222,1.3178,1.3205,1764633600,2025-12-02,-0.0020425925322399576,1.2825992121380076,1.3595207555860995,1.282039228275954,1.358960771724046
1.32194,1.3354,1.32168,1.3291,1764720000,2025-12-03,0.006491568690100154,1.2909523762609814,1.368374885459663,1.290388745400659,1.3678112545993408
1.33472,1.33849,1.3318,1.3346,1764806400,2025-12-04,0.0041296000422192105,1.2962945161070694,1.3740374103788022,1.2957285528641336,1.3734714471358664
1.33214,1.33623,1.33151,1.334,1764892800,2025-12-05,-0.00044967399393714753,1.2957117372147688,1.3734196803876235,1.2951460284135727,1.3728539715864274
1.33222,1.33314,1.33166,1.3325,1765065600,2025-12-07,-0.0011250704355694656,1.2942547899840176,1.3718753554096763,1.2936897172871706,1.3713102827128294
1.33256,1.33463,1.3304,1.3325,1765152000,2025-12-08,0.0,1.2942547899840176,1.3718753554096763,1.2936897172871706,1.3713102827128294
1.33265,1.33561,1.3286,1.3319,1765238400,2025-12-09,-0.00045038283301465355,1.293672011091717,1.3712576254184976,1.2931071928366098,1.3706928071633904
1.33024,1.33911,1.3295,1.3328,1765324800,2025-12-10,0.000675498205593362,1.2945461794301678,1.3721842204052657,1.293980979512451,1.371619020487549
1.33885,1.34382,1.3353,1.3392,1765411200,2025-12-11,0.004790428322632518,1.3007624876147064,1.3787733403111733,1.3001945736517664,1.3782054263482335
1.3393,1.34,1.3341,1.3374,1765497600,2025-12-12,-0.0013449901153326995,1.2990141509378048,1.3769201503376367,1.2984470003000839,1.376352999699916
1.33775,1.33775,1.33589,1.3368,1765670400,2025-12-14,-0.00044873233869411195,1.2984313720455045,1.376302420346458,1.2978644758495232,1.3757355241504767
1.33664,1.3402,1.3353,1.3376,1765756800,2025-12-15,0.0005982650492530659,1.2992084105685717,1.3771260603346964,1.2986411751169376,1.3765588248830622
